<Events startTimestamp="1611353186840" logVersion="1.0.0.202101171653">
  <Command __id="1" _type="MoveCaretCommand" caretOffset="677" date="Fri Jan 22 17:06:27 EST 2021" docOffset="820" starttimestamp="1611353186840" timestamp="495" />
  <Command __id="2" _type="ShellCommand" date="Fri Jan 22 17:08:29 EST 2021" starttimestamp="1611353186840" timestamp="122993" type="ECLIPSE_LOST_FOCUS" />
  <Command __id="3" _type="ShellCommand" date="Fri Jan 22 17:08:42 EST 2021" starttimestamp="1611353186840" timestamp="135211" type="ECLIPSE_GAINED_FOCUS" />
  <Command __id="4" _type="EclipseCommand" commandID="org.eclipse.ui.views.showView" date="Fri Jan 22 17:08:42 EST 2021" starttimestamp="1611353186840" timestamp="135359" />
  <Command __id="5" _type="EclipseCommand" commandID="org.eclipse.ui.views.showView" date="Fri Jan 22 17:08:42 EST 2021" starttimestamp="1611353186840" timestamp="135360" />
  <Command __id="6" _type="ShellCommand" date="Fri Jan 22 17:08:44 EST 2021" starttimestamp="1611353186840" timestamp="137460" type="ECLIPSE_LOST_FOCUS" />
  <Command __id="7" _type="ShellCommand" date="Fri Jan 22 17:08:50 EST 2021" starttimestamp="1611353186840" timestamp="143474" type="ECLIPSE_GAINED_FOCUS" />
  <Command __id="8" _type="MoveCaretCommand" caretOffset="962" date="Fri Jan 22 17:08:50 EST 2021" docOffset="1105" starttimestamp="1611353186840" timestamp="143615" />
  <Command __id="9" _type="ShellCommand" date="Fri Jan 22 17:09:14 EST 2021" starttimestamp="1611353186840" timestamp="167843" type="ECLIPSE_LOST_FOCUS" />
  <Command __id="10" _type="ShellCommand" date="Fri Jan 22 17:09:27 EST 2021" starttimestamp="1611353186840" timestamp="180339" type="ECLIPSE_GAINED_FOCUS" />
  <Command __id="11" _type="ShellCommand" date="Fri Jan 22 17:09:57 EST 2021" starttimestamp="1611353186840" timestamp="210354" type="ECLIPSE_LOST_FOCUS" />
  <Command __id="12" _type="ShellCommand" date="Fri Jan 22 17:13:30 EST 2021" starttimestamp="1611353186840" timestamp="423320" type="ECLIPSE_GAINED_FOCUS" />
  <Command __id="13" _type="ShellCommand" date="Fri Jan 22 17:13:33 EST 2021" starttimestamp="1611353186840" timestamp="427088" type="ECLIPSE_LOST_FOCUS" />
</Events>
