<Events startTimestamp="1611354850293" logVersion="1.0.0.202101171653">
  <Command __id="0" _type="DiffBasedFileOpenCommand" date="Fri Jan 22 17:34:10 EST 2021" docASTNodeCount="6" docActiveCodeLength="38" docExpressionCount="2" docLength="38" projectName="533" starttimestamp="1611354850293" timestamp="181">
    <filePath><![CDATA[/Users/christiannell/eclipse-workspace/533/src/a0/Hello.java]]></filePath>
    <diff><![CDATA[null]]></diff>
    <snapshot><![CDATA[package a0;

public class Hello {

}

]]></snapshot>
  </Command>
  <Command __id="1" _type="MoveCaretCommand" caretOffset="38" date="Fri Jan 22 17:34:10 EST 2021" docOffset="38" starttimestamp="1611354850293" timestamp="428" />
  <Command __id="5" _type="ShellCommand" date="Fri Jan 22 17:34:57 EST 2021" starttimestamp="1611354850293" timestamp="47152" type="ECLIPSE_GAINED_FOCUS" />
  <Command __id="7" _type="MoveCaretCommand" caretOffset="38" date="Fri Jan 22 17:34:57 EST 2021" docOffset="38" starttimestamp="1611354850293" timestamp="47367" />
  <Command __id="8" _type="ShellCommand" date="Fri Jan 22 17:34:59 EST 2021" starttimestamp="1611354850293" timestamp="49125" type="ECLIPSE_LOST_FOCUS" />
  <Command __id="9" _type="ShellCommand" date="Fri Jan 22 17:35:02 EST 2021" starttimestamp="1611354850293" timestamp="52491" type="ECLIPSE_GAINED_FOCUS" />
  <Command __id="10" _type="MoveCaretCommand" caretOffset="36" date="Fri Jan 22 17:35:02 EST 2021" docOffset="36" starttimestamp="1611354850293" timestamp="52549" />
  <Command __id="2" _type="DiffBasedFileOpenCommand" date="Fri Jan 22 17:34:21 EST 2021" docASTNodeCount="101" docActiveCodeLength="742" docExpressionCount="70" docLength="1134" projectName="533" starttimestamp="1611354850293" timestamp="11347">
    <filePath><![CDATA[/Users/christiannell/eclipse-workspace/533/src/a0/a0test.java]]></filePath>
    <diff><![CDATA[null]]></diff>
    <snapshot><![CDATA[package a0;

import grader.basics.execution.BasicProjectExecution;
import gradingTools.comp533s21.assignment0.S21Assignment0Suite;
import trace.grader.basics.GraderBasicsTraceUtility;
import util.trace.Tracer;

public class a0test implements gradingTools.shared.testcases.greeting.GreetingClassRegistry {
	
	public static void main(String[] args) {
		// if you set this to false, grader steps will not be traced
		GraderBasicsTraceUtility.setTracerShowInfo(true);	
		// if you set this to false, all grader steps will be traced,
		// not just the ones that failed		
		GraderBasicsTraceUtility.setBufferTracedMessages(true);
		// Change this number if a test trace gets longer than 600 and is clipped
		GraderBasicsTraceUtility.setMaxPrintedTraces(600);
		// Change this number if all traces together are longer than 2000
		GraderBasicsTraceUtility.setMaxTraces(2000);
		// Change this number if your process times out prematurely
		BasicProjectExecution. setProcessTimeOut(5);
		// You need to always call such a method
		S21Assignment0Suite.main(args);

	}
	@Override
	public Class<?> getGreetingMain() {
		return Hello.class;
	}

}
]]></snapshot>
  </Command>
  <Command __id="6" _type="DiffBasedFileOpenCommand" date="Fri Jan 22 17:34:57 EST 2021" docASTNodeCount="6" docActiveCodeLength="38" docExpressionCount="2" docLength="38" projectName="533" starttimestamp="1611354850293" timestamp="47286">
    <filePath><![CDATA[/Users/christiannell/eclipse-workspace/533/src/a0/Hello.java]]></filePath>
    <diff><![CDATA[[Diff(EQUAL,"package a0;¶¶public class Hello {¶¶}¶¶")]]]></diff>
  </Command>
  <DocumentChange __id="12" _type="Replace" date="Fri Jan 22 17:35:03 EST 2021" docASTNodeCount="32" docActiveCodeLength="164" docExpressionCount="17" docLength="164" endLine="6" insertionLength="151" int_docASTNodeCount="3" int_docActiveCodeLength="13" int_docExpressionCount="1" int_docLength="13" length="25" offset="13" startLine="2" starttimestamp="1611354850293" timestamp="53700">
    <deletedText><![CDATA[public class Hello {

}

]]></deletedText>
    <insertedText><![CDATA[public class Hello {
	public static void main(final String[] args) {
		System.out.println("Hello World");
		System.out.println("Goodbye World");
	}

}
]]></insertedText>
  </DocumentChange>
  <Command __id="14" _type="EclipseCommand" commandID="" date="Fri Jan 22 17:35:09 EST 2021" starttimestamp="1611354850293" timestamp="59605" />
  <Command __id="15" _type="EclipseCommand" commandID="org.eclipse.ui.file.save" date="Fri Jan 22 17:35:09 EST 2021" starttimestamp="1611354850293" timestamp="59646" />
  <Command __id="16" _type="EclipseCommand" commandID="" date="Fri Jan 22 17:35:10 EST 2021" starttimestamp="1611354850293" timestamp="59745" />
  <Command __id="18" _type="EclipseCommand" commandID="eventLogger.styledTextCommand.DELETE_PREVIOUS" date="Fri Jan 22 17:35:11 EST 2021" starttimestamp="1611354850293" timestamp="60883" />
  <DocumentChange __id="17" _type="Delete" date="Fri Jan 22 17:35:11 EST 2021" docASTNodeCount="32" docActiveCodeLength="163" docExpressionCount="17" docLength="163" endLine="9" length="1" offset="163" startLine="8" starttimestamp="1611354850293" timestamp="60869">
    <text><![CDATA[
]]></text>
  </DocumentChange>
  <Command __id="19" _type="EclipseCommand" commandID="org.eclipse.ui.file.save" date="Fri Jan 22 17:35:12 EST 2021" starttimestamp="1611354850293" timestamp="62053" />
  <Command __id="20" _type="EclipseCommand" commandID="" date="Fri Jan 22 17:35:12 EST 2021" starttimestamp="1611354850293" timestamp="62144" />
  <Command __id="21" _type="EclipseCommand" commandID="" date="Fri Jan 22 17:35:12 EST 2021" starttimestamp="1611354850293" timestamp="62163" />
  <Command __id="25" _type="RunCommand" date="Fri Jan 22 17:35:38 EST 2021" kind="HitBreakPoint" projectName="533" starttimestamp="1611354850293" timestamp="88399" type="Run" />
  <Command __id="26" _type="RunCommand" date="Fri Jan 22 17:35:38 EST 2021" kind="HitBreakPoint" projectName="533" starttimestamp="1611354850293" timestamp="88400" type="Run" />
  <Command __id="27" _type="ConsoleOutput" date="Fri Jan 22 17:35:39 EST 2021" overflow="false" starttimestamp="1611354850293" timestamp="88840" type="ConsoleOutput">
    <outputString><![CDATA[Buffer traced messages =true
I***Tracer: showInfo = true
]]></outputString>
    <diff><![CDATA[null]]></diff>
  </Command>
  <Command __id="28" _type="ShellCommand" date="Fri Jan 22 17:35:39 EST 2021" starttimestamp="1611354850293" timestamp="89069" type="ECLIPSE_LOST_FOCUS" />
  <Command __id="29" _type="ConsoleOutput" date="Fri Jan 22 17:35:41 EST 2021" overflow="false" starttimestamp="1611354850293" timestamp="91008" type="ConsoleOutput">
    <outputString><![CDATA[ObjectEditor(Version 22, built on Sat Jan 16 20:25:10 EST 2021). Copyright Prasun Dewan, 2012, All rights reserved. US Patent Appl. No.: 12/532,327
]]></outputString>
    <diff><![CDATA[[Diff(DELETE,"Buffer traced messages =true¶I***Tracer: showInfo = true"), Diff(INSERT,"ObjectEditor(Version 22, built on Sat Jan 16 20:25:10 EST 2021). Copyright Prasun Dewan, 2012, All rights reserved. US Patent Appl. No.: 12/532,327"), Diff(EQUAL,"¶")]]]></diff>
  </Command>
  <Command __id="30" _type="ConsoleOutput" date="Fri Jan 22 17:35:55 EST 2021" overflow="false" starttimestamp="1611354850293" timestamp="105192" type="ConsoleOutput">
    <outputString><![CDATA[Running junit test:GreetingMainProvided at Fri Jan 22 17:35:55 EST 2021
Running junit test:GreetingClassRegistryProvided at Fri Jan 22 17:35:55 EST 2021
I***Tracer: showInfo = false
Number of traces > 600  turning tracing off
I***Tracer: showInfo = true
Running junit test:GreetingRun at Fri Jan 22 17:35:55 EST 2021
Number of traces > 600  turning tracing off
I***Tracer: showInfo = false
I***Tracer: showInfo = true
Number of traces > 600  turning tracing off
I***Tracer: showInfo = false
]]></outputString>
    <diff><![CDATA[[Diff(DELETE,"ObjectEditor(Version 22, built on Sat Jan 16 20:25:10 EST 2021). Copyright Prasun Dewan, 2012, All rights reserved. US Patent Appl. No.: 12/532,327"), Diff(INSERT,"Running junit test:GreetingMainProvided at Fri Jan 22 17:35:55 EST 2021¶Running junit test:GreetingClassRegistryProvided at Fri Jan 22 17:35:55 EST 2021¶I***Tracer: showInfo = false¶Number of traces > 600  turning tracing off¶I***Tracer: showInfo = true¶Running junit test:GreetingRun at Fri Jan 22 17:35:55 EST 2021¶Number of traces > 600  turning tracing off¶I***Tracer: showInfo = false¶I***Tracer: showInfo = true¶Number of traces > 600  turning tracing off¶I***Tracer: showInfo = false"), Diff(EQUAL,"¶")]]]></diff>
  </Command>
  <Command __id="31" _type="ConsoleOutput" date="Fri Jan 22 17:35:56 EST 2021" overflow="false" starttimestamp="1611354850293" timestamp="105707" type="ConsoleOutput">
    <outputString><![CDATA[I***Tracer: showInfo = true
Running junit test:GreetingCheckstyle at Fri Jan 22 17:35:55 EST 2021
I***Tracer: showInfo = false
Number of traces > 600  turning tracing off
I***Tracer: showInfo = true
Did not find file:/Users/christiannell/eclipse-workspace/533/./Logs/LocalChecks/unc_checks_533_A0.xml
Download unc_checks_533_A0.xml and add it to directory /Users/christiannell/eclipse-workspace/533/./Logs/LocalChecks
GreetingCheckstyle did not pass completely:Please see console error messages:%0.0
Steps traced since last test:
I***{AWT-EventQueue-0}(TestCaseResult) ### anonymous: 0.0

]]></outputString>
    <diff><![CDATA[[Diff(DELETE,"Running junit test:GreetingMainProvided at Fri Jan 22 17:35:55 EST 2021"), Diff(INSERT,"I***Tracer: showInfo = true"), Diff(EQUAL,"¶Running junit test:GreetingC"), Diff(DELETE,"lassRegistryProvided"), Diff(INSERT,"heckstyle"), Diff(EQUAL," at Fri Jan 22 17:35:55 EST 2021¶I***Tracer: showInfo = false¶Number of traces > 600  turning tracing off¶I***Tracer: showInfo = true¶"), Diff(DELETE,"Running junit test:GreetingRun at Fri Jan 22 17:35:55 EST 2021¶Number of traces > 600  turning tracing off¶I***Tracer: showInfo = false¶I***Tracer: showInfo = true¶Number of traces > 600  turning tracing off¶I***Tracer: showInfo = false"), Diff(INSERT,"Did not find file:/Users/christiannell/eclipse-workspace/533/./Logs/LocalChecks/unc_checks_533_A0.xml¶Download unc_checks_533_A0.xml and add it to directory /Users/christiannell/eclipse-workspace/533/./Logs/LocalChecks¶GreetingCheckstyle did not pass completely:Please see console error messages:%0.0¶Steps traced since last test:¶I***{AWT-EventQueue-0}(TestCaseResult) ### anonymous: 0.0¶"), Diff(EQUAL,"¶")]]]></diff>
  </Command>
  <Command __id="32" _type="ShellCommand" date="Fri Jan 22 17:36:06 EST 2021" starttimestamp="1611354850293" timestamp="116636" type="ECLIPSE_GAINED_FOCUS" />
  <Command __id="33" _type="RunCommand" date="Fri Jan 22 17:36:06 EST 2021" kind="HitBreakPoint" projectName="533" starttimestamp="1611354850293" timestamp="116636" type="Run" />
  <Command __id="34" _type="RunCommand" date="Fri Jan 22 17:36:06 EST 2021" kind="HitBreakPoint" projectName="533" starttimestamp="1611354850293" timestamp="116637" type="Run" />
  <Command __id="35" _type="ShellCommand" date="Fri Jan 22 17:37:01 EST 2021" starttimestamp="1611354850293" timestamp="171206" type="ECLIPSE_LOST_FOCUS" />
  <Command __id="36" _type="ShellCommand" date="Fri Jan 22 17:37:04 EST 2021" starttimestamp="1611354850293" timestamp="174517" type="ECLIPSE_GAINED_FOCUS" />
  <Command __id="37" _type="ShellCommand" date="Fri Jan 22 17:37:25 EST 2021" starttimestamp="1611354850293" timestamp="194887" type="ECLIPSE_LOST_FOCUS" />
  <Command __id="38" _type="ShellCommand" date="Fri Jan 22 17:38:03 EST 2021" starttimestamp="1611354850293" timestamp="233319" type="ECLIPSE_GAINED_FOCUS" />
  <Command __id="39" _type="ShellCommand" date="Fri Jan 22 17:38:29 EST 2021" starttimestamp="1611354850293" timestamp="258970" type="ECLIPSE_LOST_FOCUS" />
  <Command __id="40" _type="ShellCommand" date="Fri Jan 22 17:39:27 EST 2021" starttimestamp="1611354850293" timestamp="316919" type="ECLIPSE_GAINED_FOCUS" />
  <Command __id="41" _type="EclipseCommand" commandID="org.eclipse.ui.file.properties" date="Fri Jan 22 17:39:27 EST 2021" starttimestamp="1611354850293" timestamp="316969" />
  <Command __id="42" _type="ShellCommand" date="Fri Jan 22 17:39:29 EST 2021" starttimestamp="1611354850293" timestamp="319207" type="ECLIPSE_LOST_FOCUS" />
  <Command __id="43" _type="ShellCommand" date="Fri Jan 22 17:40:23 EST 2021" starttimestamp="1611354850293" timestamp="373047" type="ECLIPSE_GAINED_FOCUS" />
  <Command __id="44" _type="EclipseCommand" commandID="org.eclipse.ui.window.preferences" date="Fri Jan 22 17:40:23 EST 2021" starttimestamp="1611354850293" timestamp="373096" />
  <Command __id="45" _type="ShellCommand" date="Fri Jan 22 17:40:26 EST 2021" starttimestamp="1611354850293" timestamp="376459" type="ECLIPSE_LOST_FOCUS" />
  <Command __id="22" _type="DiffBasedFileOpenCommand" date="Fri Jan 22 17:35:33 EST 2021" docASTNodeCount="101" docActiveCodeLength="742" docExpressionCount="70" docLength="1134" projectName="533" starttimestamp="1611354850293" timestamp="83486">
    <filePath><![CDATA[/Users/christiannell/eclipse-workspace/533/src/a0/a0test.java]]></filePath>
    <diff><![CDATA[[Diff(EQUAL,"package a0;¶¶import grader.basics.execution.BasicProjectExecution;¶import gradingTools.comp533s21.assignment0.S21Assignment0Suite;¶import trace.grader.basics.GraderBasicsTraceUtility;¶import util.trace.Tracer;¶¶public class a0test implements gradingTools.shared.testcases.greeting.GreetingClassRegistry {¶	¶	public static void main(String[] args) {¶		// if you set this to false, grader steps will not be traced¶		GraderBasicsTraceUtility.setTracerShowInfo(true);	¶		// if you set this to false, all grader steps will be traced,¶		// not just the ones that failed		¶		GraderBasicsTraceUtility.setBufferTracedMessages(true);¶		// Change this number if a test trace gets longer than 600 and is clipped¶		GraderBasicsTraceUtility.setMaxPrintedTraces(600);¶		// Change this number if all traces together are longer than 2000¶		GraderBasicsTraceUtility.setMaxTraces(2000);¶		// Change this number if your process times out prematurely¶		BasicProjectExecution. setProcessTimeOut(5);¶		// You need to always call such a method¶		S21Assignment0Suite.main(args);¶¶	}¶	@Override¶	public Class<?> getGreetingMain() {¶		return Hello.class;¶	}¶¶}¶")]]]></diff>
  </Command>
  <Command __id="46" _type="ShellCommand" date="Fri Jan 22 17:40:41 EST 2021" starttimestamp="1611354850293" timestamp="391464" type="ECLIPSE_GAINED_FOCUS" />
  <Command __id="47" _type="EclipseCommand" commandID="org.eclipse.ui.file.properties" date="Fri Jan 22 17:40:41 EST 2021" starttimestamp="1611354850293" timestamp="391511" />
  <Command __id="48" _type="EclipseCommand" commandID="" date="Fri Jan 22 17:40:41 EST 2021" starttimestamp="1611354850293" timestamp="391544" />
  <Command __id="49" _type="EclipseCommand" commandID="" date="Fri Jan 22 17:40:41 EST 2021" starttimestamp="1611354850293" timestamp="391546" />
  <Command __id="51" _type="MoveCaretCommand" caretOffset="163" date="Fri Jan 22 17:41:01 EST 2021" docOffset="163" starttimestamp="1611354850293" timestamp="411059" />
  <Command __id="52" _type="EclipseCommand" commandID="eventLogger.styledTextCommand.LINE_DOWN" date="Fri Jan 22 17:41:30 EST 2021" starttimestamp="1611354850293" timestamp="440000" />
  <Command __id="53" _type="ShellCommand" date="Fri Jan 22 17:41:32 EST 2021" starttimestamp="1611354850293" timestamp="441992" type="ECLIPSE_LOST_FOCUS" />
  <Command __id="60" _type="RunCommand" date="Fri Jan 22 17:42:47 EST 2021" kind="HitBreakPoint" projectName="533" starttimestamp="1611354850293" timestamp="517115" type="Run" />
  <Command __id="61" _type="RunCommand" date="Fri Jan 22 17:42:47 EST 2021" kind="HitBreakPoint" projectName="533" starttimestamp="1611354850293" timestamp="517116" type="Run" />
  <Command __id="62" _type="RunCommand" date="Fri Jan 22 17:42:47 EST 2021" kind="HitBreakPoint" projectName="533" starttimestamp="1611354850293" timestamp="517266" type="Run" />
  <Command __id="63" _type="RunCommand" date="Fri Jan 22 17:42:47 EST 2021" kind="HitBreakPoint" projectName="533" starttimestamp="1611354850293" timestamp="517266" type="Run" />
  <Command __id="64" _type="ConsoleOutput" date="Fri Jan 22 17:42:47 EST 2021" overflow="false" starttimestamp="1611354850293" timestamp="517311" type="ConsoleOutput">
    <outputString><![CDATA[Hello World
Goodbye World
]]></outputString>
    <diff><![CDATA[[Diff(EQUAL,"Hello World¶Goodbye World¶")]]]></diff>
  </Command>
  <Command __id="65" _type="ShellCommand" date="Fri Jan 22 17:42:49 EST 2021" starttimestamp="1611354850293" timestamp="519498" type="ECLIPSE_LOST_FOCUS" />
  <Command __id="66" _type="ShellCommand" date="Fri Jan 22 17:42:52 EST 2021" starttimestamp="1611354850293" timestamp="522618" type="ECLIPSE_GAINED_FOCUS" />
  <Command __id="67" _type="ShellCommand" date="Fri Jan 22 17:42:53 EST 2021" starttimestamp="1611354850293" timestamp="522909" type="ECLIPSE_LOST_FOCUS" />
  <Command __id="68" _type="ShellCommand" date="Fri Jan 22 17:42:54 EST 2021" starttimestamp="1611354850293" timestamp="524146" type="ECLIPSE_GAINED_FOCUS" />
  <Command __id="69" _type="ShellCommand" date="Fri Jan 22 17:42:55 EST 2021" starttimestamp="1611354850293" timestamp="524764" type="ECLIPSE_LOST_FOCUS" />
  <Command __id="70" _type="ShellCommand" date="Fri Jan 22 17:42:56 EST 2021" starttimestamp="1611354850293" timestamp="526001" type="ECLIPSE_GAINED_FOCUS" />
  <Command __id="71" _type="ShellCommand" date="Fri Jan 22 17:42:56 EST 2021" starttimestamp="1611354850293" timestamp="526180" type="ECLIPSE_LOST_FOCUS" />
  <Command __id="50" _type="DiffBasedFileOpenCommand" date="Fri Jan 22 17:41:01 EST 2021" docASTNodeCount="32" docActiveCodeLength="163" docExpressionCount="17" docLength="163" projectName="533" starttimestamp="1611354850293" timestamp="410944">
    <filePath><![CDATA[/Users/christiannell/eclipse-workspace/533/src/a0/Hello.java]]></filePath>
    <diff><![CDATA[[Diff(EQUAL,"package a0;¶¶public class Hello {¶"), Diff(DELETE,"¶"), Diff(INSERT,"	public static void main(final String[] args) {¶		System.out.println("Hello World");¶		System.out.println("Goodbye World");¶	"), Diff(EQUAL,"}¶¶"), Diff(INSERT,"}")]]]></diff>
    <snapshot><![CDATA[package a0;

public class Hello {
	public static void main(final String[] args) {
		System.out.println("Hello World");
		System.out.println("Goodbye World");
	}

}]]></snapshot>
  </Command>
  <Command __id="73" _type="RunCommand" date="Fri Jan 22 17:43:01 EST 2021" kind="HitBreakPoint" projectName="533" starttimestamp="1611354850293" timestamp="531181" type="Run" />
  <Command __id="74" _type="RunCommand" date="Fri Jan 22 17:43:01 EST 2021" kind="HitBreakPoint" projectName="533" starttimestamp="1611354850293" timestamp="531181" type="Run" />
  <Command __id="75" _type="RunCommand" date="Fri Jan 22 17:43:01 EST 2021" kind="HitBreakPoint" projectName="533" starttimestamp="1611354850293" timestamp="531389" type="Run" />
  <Command __id="76" _type="RunCommand" date="Fri Jan 22 17:43:01 EST 2021" kind="HitBreakPoint" projectName="533" starttimestamp="1611354850293" timestamp="531389" type="Run" />
  <Command __id="77" _type="ConsoleOutput" date="Fri Jan 22 17:43:01 EST 2021" overflow="false" starttimestamp="1611354850293" timestamp="531436" type="ConsoleOutput">
    <outputString><![CDATA[Hello World
Goodbye World
]]></outputString>
    <diff><![CDATA[[Diff(EQUAL,"Hello World¶Goodbye World¶")]]]></diff>
  </Command>
  <Command __id="80" _type="RunCommand" date="Fri Jan 22 17:43:09 EST 2021" kind="HitBreakPoint" projectName="533" starttimestamp="1611354850293" timestamp="539437" type="Run" />
  <Command __id="81" _type="RunCommand" date="Fri Jan 22 17:43:09 EST 2021" kind="HitBreakPoint" projectName="533" starttimestamp="1611354850293" timestamp="539437" type="Run" />
  <Command __id="82" _type="ConsoleOutput" date="Fri Jan 22 17:43:10 EST 2021" overflow="false" starttimestamp="1611354850293" timestamp="539828" type="ConsoleOutput">
    <outputString><![CDATA[Buffer traced messages =true
I***Tracer: showInfo = true
]]></outputString>
    <diff><![CDATA[[Diff(DELETE,"Hello World¶Goodbye World"), Diff(INSERT,"Buffer traced messages =true¶I***Tracer: showInfo = true"), Diff(EQUAL,"¶")]]]></diff>
  </Command>
  <Command __id="83" _type="ShellCommand" date="Fri Jan 22 17:43:10 EST 2021" starttimestamp="1611354850293" timestamp="539944" type="ECLIPSE_LOST_FOCUS" />
  <Command __id="84" _type="ConsoleOutput" date="Fri Jan 22 17:43:12 EST 2021" overflow="false" starttimestamp="1611354850293" timestamp="541794" type="ConsoleOutput">
    <outputString><![CDATA[ObjectEditor(Version 22, built on Sat Jan 16 20:25:10 EST 2021). Copyright Prasun Dewan, 2012, All rights reserved. US Patent Appl. No.: 12/532,327
]]></outputString>
    <diff><![CDATA[[Diff(DELETE,"Buffer traced messages =true¶I***Tracer: showInfo = true"), Diff(INSERT,"ObjectEditor(Version 22, built on Sat Jan 16 20:25:10 EST 2021). Copyright Prasun Dewan, 2012, All rights reserved. US Patent Appl. No.: 12/532,327"), Diff(EQUAL,"¶")]]]></diff>
  </Command>
  <Command __id="87" _type="RunCommand" date="Fri Jan 22 17:43:30 EST 2021" kind="HitBreakPoint" projectName="533" starttimestamp="1611354850293" timestamp="560259" type="Run" />
  <Command __id="88" _type="RunCommand" date="Fri Jan 22 17:43:30 EST 2021" kind="HitBreakPoint" projectName="533" starttimestamp="1611354850293" timestamp="560259" type="Run" />
  <Command __id="89" _type="ShellCommand" date="Fri Jan 22 17:43:30 EST 2021" starttimestamp="1611354850293" timestamp="560266" type="ECLIPSE_GAINED_FOCUS" />
  <Command __id="90" _type="EclipseCommand" commandID="AUTOGEN:::org.eclipse.jdt.internal.ui.CompilationUnitEditor.ruler.actions/org.eclipse.jdt.internal.ui.javaeditor.JavaSelectRulerAction" date="Fri Jan 22 17:44:30 EST 2021" starttimestamp="1611354850293" timestamp="620697" />
  <Command __id="78" _type="DiffBasedFileOpenCommand" date="Fri Jan 22 17:43:06 EST 2021" docASTNodeCount="101" docActiveCodeLength="742" docExpressionCount="70" docLength="1134" projectName="533" starttimestamp="1611354850293" timestamp="535906">
    <filePath><![CDATA[/Users/christiannell/eclipse-workspace/533/src/a0/a0test.java]]></filePath>
    <diff><![CDATA[[Diff(EQUAL,"package a0;¶¶import grader.basics.execution.BasicProjectExecution;¶import gradingTools.comp533s21.assignment0.S21Assignment0Suite;¶import trace.grader.basics.GraderBasicsTraceUtility;¶import util.trace.Tracer;¶¶public class a0test implements gradingTools.shared.testcases.greeting.GreetingClassRegistry {¶	¶	public static void main(String[] args) {¶		// if you set this to false, grader steps will not be traced¶		GraderBasicsTraceUtility.setTracerShowInfo(true);	¶		// if you set this to false, all grader steps will be traced,¶		// not just the ones that failed		¶		GraderBasicsTraceUtility.setBufferTracedMessages(true);¶		// Change this number if a test trace gets longer than 600 and is clipped¶		GraderBasicsTraceUtility.setMaxPrintedTraces(600);¶		// Change this number if all traces together are longer than 2000¶		GraderBasicsTraceUtility.setMaxTraces(2000);¶		// Change this number if your process times out prematurely¶		BasicProjectExecution. setProcessTimeOut(5);¶		// You need to always call such a method¶		S21Assignment0Suite.main(args);¶¶	}¶	@Override¶	public Class<?> getGreetingMain() {¶		return Hello.class;¶	}¶¶}¶")]]]></diff>
  </Command>
  <Command __id="91" _type="EclipseCommand" commandID="AUTOGEN:::org.eclipse.jdt.internal.ui.CompilationUnitEditor.ruler.actions/org.eclipse.jdt.internal.ui.javaeditor.JavaSelectRulerAction" date="Fri Jan 22 17:44:34 EST 2021" starttimestamp="1611354850293" timestamp="623857" />
  <Command __id="92" _type="DiffBasedFileOpenCommand" date="Fri Jan 22 17:44:48 EST 2021" docASTNodeCount="32" docActiveCodeLength="163" docExpressionCount="17" docLength="163" projectName="533" starttimestamp="1611354850293" timestamp="638142">
    <filePath><![CDATA[/Users/christiannell/eclipse-workspace/533/src/a0/Hello.java]]></filePath>
    <diff><![CDATA[[Diff(EQUAL,"package a0;¶¶public class Hello {¶	public static void main(final String[] args) {¶		System.out.println("Hello World");¶		System.out.println("Goodbye World");¶	}¶¶}")]]]></diff>
  </Command>
  <Command __id="93" _type="MoveCaretCommand" caretOffset="163" date="Fri Jan 22 17:44:48 EST 2021" docOffset="163" starttimestamp="1611354850293" timestamp="638236" />
  <Command __id="95" _type="SelectTextCommand" caretOffset="833" date="Fri Jan 22 17:44:51 EST 2021" end="833" start="787" starttimestamp="1611354850293" timestamp="640757" />
  <Command __id="97" _type="RunCommand" date="Fri Jan 22 17:44:54 EST 2021" kind="HitBreakPoint" projectName="533" starttimestamp="1611354850293" timestamp="644367" type="Run" />
  <Command __id="98" _type="RunCommand" date="Fri Jan 22 17:44:54 EST 2021" kind="HitBreakPoint" projectName="533" starttimestamp="1611354850293" timestamp="644367" type="Run" />
  <Command __id="99" _type="ConsoleOutput" date="Fri Jan 22 17:44:54 EST 2021" overflow="false" starttimestamp="1611354850293" timestamp="644668" type="ConsoleOutput">
    <outputString><![CDATA[Buffer traced messages =true
I***Tracer: showInfo = true
]]></outputString>
    <diff><![CDATA[[Diff(DELETE,"I***Tracer: showInfo = true¶Running junit test:GreetingCheckstyle at Fri Jan 22 17:43:20 EST 2021¶Number of traces > 600  turning tracing off¶I***Tracer: showInfo = false¶I***Tracer: showInfo = true¶Did not find file:/Users/christiannell/eclipse-workspace/533/./Logs/LocalChecks/unc_checks_533_A0.xml¶Download unc_checks_533_A0.xml and add it to directory /Users/christiannell/eclipse-workspace/533/./Logs/LocalChecks¶Steps traced since last test:¶GreetingCheckstyle did not pass completely:Please see console error messages:%0.0¶I***{AWT-EventQueue-0}(TestCaseResult) ### anonymous: 0.0¶"), Diff(INSERT,"Buffer traced messages =true¶I***Tracer: showInfo = true"), Diff(EQUAL,"¶")]]]></diff>
  </Command>
  <Command __id="100" _type="ShellCommand" date="Fri Jan 22 17:44:55 EST 2021" starttimestamp="1611354850293" timestamp="644848" type="ECLIPSE_LOST_FOCUS" />
  <Command __id="101" _type="ConsoleOutput" date="Fri Jan 22 17:44:56 EST 2021" overflow="false" starttimestamp="1611354850293" timestamp="646689" type="ConsoleOutput">
    <outputString><![CDATA[ObjectEditor(Version 22, built on Sat Jan 16 20:25:10 EST 2021). Copyright Prasun Dewan, 2012, All rights reserved. US Patent Appl. No.: 12/532,327
]]></outputString>
    <diff><![CDATA[[Diff(DELETE,"Buffer traced messages =true¶I***Tracer: showInfo = true"), Diff(INSERT,"ObjectEditor(Version 22, built on Sat Jan 16 20:25:10 EST 2021). Copyright Prasun Dewan, 2012, All rights reserved. US Patent Appl. No.: 12/532,327"), Diff(EQUAL,"¶")]]]></diff>
  </Command>
  <Command __id="102" _type="ConsoleOutput" date="Fri Jan 22 17:45:06 EST 2021" overflow="false" starttimestamp="1611354850293" timestamp="656183" type="ConsoleOutput">
    <outputString><![CDATA[Running junit test:GreetingCheckstyle at Fri Jan 22 17:45:06 EST 2021
Did not find file:/Users/christiannell/eclipse-workspace/533/./Logs/LocalChecks/unc_checks_533_A0.xml
Download unc_checks_533_A0.xml and add it to directory /Users/christiannell/eclipse-workspace/533/./Logs/LocalChecks
Steps traced since last test:
I***{AWT-EventQueue-0}(TestCaseResult) ### anonymous: 0.0

GreetingCheckstyle did not pass completely:Please see console error messages:%0.0
]]></outputString>
    <diff><![CDATA[[Diff(DELETE,"ObjectEditor(Version 22, built on Sat Jan 16 20:25:10 EST 2021). Copyright Prasun Dewan, 2012, All rights reserved. US Patent Appl. No.: 12/532,327"), Diff(INSERT,"Running junit test:GreetingCheckstyle at Fri Jan 22 17:45:06 EST 2021¶Did not find file:/Users/christiannell/eclipse-workspace/533/./Logs/LocalChecks/unc_checks_533_A0.xml¶Download unc_checks_533_A0.xml and add it to directory /Users/christiannell/eclipse-workspace/533/./Logs/LocalChecks¶Steps traced since last test:¶I***{AWT-EventQueue-0}(TestCaseResult) ### anonymous: 0.0¶¶GreetingCheckstyle did not pass completely:Please see console error messages:%0.0"), Diff(EQUAL,"¶")]]]></diff>
  </Command>
  <Command __id="103" _type="ShellCommand" date="Fri Jan 22 17:45:11 EST 2021" starttimestamp="1611354850293" timestamp="660718" type="ECLIPSE_GAINED_FOCUS" />
  <Command __id="104" _type="RunCommand" date="Fri Jan 22 17:45:11 EST 2021" kind="HitBreakPoint" projectName="533" starttimestamp="1611354850293" timestamp="660723" type="Run" />
  <Command __id="105" _type="RunCommand" date="Fri Jan 22 17:45:11 EST 2021" kind="HitBreakPoint" projectName="533" starttimestamp="1611354850293" timestamp="660723" type="Run" />
  <Command __id="106" _type="ShellCommand" date="Fri Jan 22 17:45:24 EST 2021" starttimestamp="1611354850293" timestamp="674193" type="ECLIPSE_LOST_FOCUS" />
  <Command __id="107" _type="ShellCommand" date="Fri Jan 22 17:45:56 EST 2021" starttimestamp="1611354850293" timestamp="706007" type="ECLIPSE_GAINED_FOCUS" />
  <Command __id="108" _type="EclipseCommand" commandID="org.eclipse.ui.file.properties" date="Fri Jan 22 17:45:56 EST 2021" starttimestamp="1611354850293" timestamp="706052" />
  <Command __id="109" _type="SelectTextCommand" caretOffset="87" date="Fri Jan 22 17:47:09 EST 2021" end="87" start="81" starttimestamp="1611354850293" timestamp="779029" />
  <Command __id="111" _type="InsertStringCommand" date="Fri Jan 22 17:47:09 EST 2021" starttimestamp="1611354850293" timestamp="779611" timestamp2="779611">
    <data><![CDATA[G]]></data>
  </Command>
  <Command __id="113" _type="InsertStringCommand" date="Fri Jan 22 17:47:10 EST 2021" starttimestamp="1611354850293" timestamp="779712" timestamp2="779712">
    <data><![CDATA[r]]></data>
  </Command>
  <Command __id="115" _type="InsertStringCommand" date="Fri Jan 22 17:47:10 EST 2021" starttimestamp="1611354850293" timestamp="779892" timestamp2="779892">
    <data><![CDATA[e]]></data>
  </Command>
  <Command __id="117" _type="InsertStringCommand" date="Fri Jan 22 17:47:10 EST 2021" starttimestamp="1611354850293" timestamp="780049" timestamp2="780049">
    <data><![CDATA[e]]></data>
  </Command>
  <Command __id="119" _type="InsertStringCommand" date="Fri Jan 22 17:47:10 EST 2021" starttimestamp="1611354850293" timestamp="780219" timestamp2="780219">
    <data><![CDATA[t]]></data>
  </Command>
  <Command __id="121" _type="InsertStringCommand" date="Fri Jan 22 17:47:10 EST 2021" starttimestamp="1611354850293" timestamp="780328" timestamp2="780328">
    <data><![CDATA[i]]></data>
  </Command>
  <Command __id="123" _type="InsertStringCommand" date="Fri Jan 22 17:47:10 EST 2021" starttimestamp="1611354850293" timestamp="780362" timestamp2="780362">
    <data><![CDATA[n]]></data>
  </Command>
  <Command __id="125" _type="InsertStringCommand" date="Fri Jan 22 17:47:10 EST 2021" starttimestamp="1611354850293" timestamp="780477" timestamp2="780477">
    <data><![CDATA[g]]></data>
  </Command>
  <Command __id="126" _type="EclipseCommand" commandID="org.eclipse.ui.file.save" date="Fri Jan 22 17:47:11 EST 2021" starttimestamp="1611354850293" timestamp="781103" />
  <Command __id="127" _type="EclipseCommand" commandID="" date="Fri Jan 22 17:47:11 EST 2021" starttimestamp="1611354850293" timestamp="781195" />
  <Command __id="128" _type="EclipseCommand" commandID="" date="Fri Jan 22 17:47:11 EST 2021" starttimestamp="1611354850293" timestamp="781252" />
  <Command __id="129" _type="ShellCommand" date="Fri Jan 22 17:47:18 EST 2021" starttimestamp="1611354850293" timestamp="787744" type="ECLIPSE_LOST_FOCUS" />
  <Command __id="130" _type="AssistCommand" assist_type="CONTENT_ASSIST" auto_activated="false" date="Fri Jan 22 17:47:23 EST 2021" start_end="END" starttimestamp="1611354850293" timestamp="793207" />
  <Command __id="131" _type="AssistCommand" assist_type="QUICK_ASSIST" auto_activated="false" date="Fri Jan 22 17:47:23 EST 2021" start_end="END" starttimestamp="1611354850293" timestamp="793208" />
  <Command __id="132" _type="ShellCommand" date="Fri Jan 22 17:47:23 EST 2021" starttimestamp="1611354850293" timestamp="793564" type="ECLIPSE_GAINED_FOCUS" />
  <Command __id="133" _type="EclipseCommand" commandID="org.eclipse.jdt.ui.edit.text.java.rename.element" date="Fri Jan 22 17:47:23 EST 2021" starttimestamp="1611354850293" timestamp="793617" />
  <Command __id="134" _type="EclipseCommand" commandID="" date="Fri Jan 22 17:47:23 EST 2021" starttimestamp="1611354850293" timestamp="793626" />
  <Command __id="135" _type="EclipseCommand" commandID="" date="Fri Jan 22 17:47:23 EST 2021" starttimestamp="1611354850293" timestamp="793649" />
  <Command __id="94" _type="DiffBasedFileOpenCommand" date="Fri Jan 22 17:44:50 EST 2021" docASTNodeCount="101" docActiveCodeLength="742" docExpressionCount="70" docLength="1134" projectName="533" starttimestamp="1611354850293" timestamp="640687">
    <filePath><![CDATA[/Users/christiannell/eclipse-workspace/533/src/a0/a0test.java]]></filePath>
    <diff><![CDATA[[Diff(EQUAL,"package a0;¶¶import grader.basics.execution.BasicProjectExecution;¶import gradingTools.comp533s21.assignment0.S21Assignment0Suite;¶import trace.grader.basics.GraderBasicsTraceUtility;¶import util.trace.Tracer;¶¶public class a0test implements gradingTools.shared.testcases.greeting.GreetingClassRegistry {¶	¶	public static void main(String[] args) {¶		// if you set this to false, grader steps will not be traced¶		GraderBasicsTraceUtility.setTracerShowInfo(true);	¶		// if you set this to false, all grader steps will be traced,¶		// not just the ones that failed		¶		GraderBasicsTraceUtility.setBufferTracedMessages(true);¶		// Change this number if a test trace gets longer than 600 and is clipped¶		GraderBasicsTraceUtility.setMaxPrintedTraces(600);¶		// Change this number if all traces together are longer than 2000¶		GraderBasicsTraceUtility.setMaxTraces(2000);¶		// Change this number if your process times out prematurely¶		BasicProjectExecution. setProcessTimeOut(5);¶		// You need to always call such a method¶		S21Assignment0Suite.main(args);¶¶	}¶	@Override¶	public Class<?> getGreetingMain() {¶		return Hello.class;¶	}¶¶}¶")]]]></diff>
  </Command>
  <DocumentChange __id="110" _type="Replace" date="Fri Jan 22 17:47:09 EST 2021" docASTNodeCount="101" docActiveCodeLength="737" docExpressionCount="70" docLength="1129" endLine="7" insertionLength="1" int_docASTNodeCount="33" int_docActiveCodeLength="736" int_docExpressionCount="27" int_docLength="1128" length="6" offset="224" startLine="7" starttimestamp="1611354850293" timestamp="779599">
    <deletedText><![CDATA[a0test]]></deletedText>
    <insertedText><![CDATA[G]]></insertedText>
  </DocumentChange>
  <DocumentChange __id="112" _type="Insert" date="Fri Jan 22 17:47:09 EST 2021" docASTNodeCount="101" docActiveCodeLength="744" docExpressionCount="70" docLength="1136" length="7" offset="225" repeat="7" starttimestamp="1611354850293" timestamp="779706" timestamp2="780470">
    <text><![CDATA[reeting]]></text>
  </DocumentChange>
  <Command __id="136" _type="MoveCaretCommand" caretOffset="235" date="Fri Jan 22 17:47:29 EST 2021" docOffset="378" starttimestamp="1611354850293" timestamp="799279" />
  <Command __id="137" _type="DiffBasedFileOpenCommand" date="Fri Jan 22 17:47:38 EST 2021" docASTNodeCount="32" docActiveCodeLength="163" docExpressionCount="17" docLength="163" projectName="533" starttimestamp="1611354850293" timestamp="807873">
    <filePath><![CDATA[/Users/christiannell/eclipse-workspace/533/src/a0/Hello.java]]></filePath>
    <diff><![CDATA[[Diff(EQUAL,"package a0;¶¶public class Hello {¶	public static void main(final String[] args) {¶		System.out.println("Hello World");¶		System.out.println("Goodbye World");¶	}¶¶}")]]]></diff>
  </Command>
  <Command __id="138" _type="MoveCaretCommand" caretOffset="163" date="Fri Jan 22 17:47:38 EST 2021" docOffset="163" starttimestamp="1611354850293" timestamp="807954" />
  <Command __id="140" _type="MoveCaretCommand" caretOffset="235" date="Fri Jan 22 17:47:39 EST 2021" docOffset="378" starttimestamp="1611354850293" timestamp="809706" />
  <Command __id="141" _type="MoveCaretCommand" caretOffset="191" date="Fri Jan 22 17:47:42 EST 2021" docOffset="334" starttimestamp="1611354850293" timestamp="811789" />
  <Command __id="143" _type="InsertStringCommand" date="Fri Jan 22 17:47:42 EST 2021" starttimestamp="1611354850293" timestamp="812445" timestamp2="812445">
    <data><![CDATA[f]]></data>
  </Command>
  <Command __id="145" _type="InsertStringCommand" date="Fri Jan 22 17:47:42 EST 2021" starttimestamp="1611354850293" timestamp="812516" timestamp2="812516">
    <data><![CDATA[i]]></data>
  </Command>
  <Command __id="147" _type="InsertStringCommand" date="Fri Jan 22 17:47:42 EST 2021" starttimestamp="1611354850293" timestamp="812573" timestamp2="812573">
    <data><![CDATA[n]]></data>
  </Command>
  <Command __id="149" _type="InsertStringCommand" date="Fri Jan 22 17:47:42 EST 2021" starttimestamp="1611354850293" timestamp="812683" timestamp2="812683">
    <data><![CDATA[a]]></data>
  </Command>
  <Command __id="151" _type="InsertStringCommand" date="Fri Jan 22 17:47:43 EST 2021" starttimestamp="1611354850293" timestamp="812765" timestamp2="812765">
    <data><![CDATA[l]]></data>
  </Command>
  <Command __id="153" _type="InsertStringCommand" date="Fri Jan 22 17:47:43 EST 2021" starttimestamp="1611354850293" timestamp="812865" timestamp2="812865">
    <data><![CDATA[ ]]></data>
  </Command>
  <Command __id="154" _type="EclipseCommand" commandID="org.eclipse.ui.file.save" date="Fri Jan 22 17:47:43 EST 2021" starttimestamp="1611354850293" timestamp="813235" />
  <Command __id="155" _type="EclipseCommand" commandID="" date="Fri Jan 22 17:47:43 EST 2021" starttimestamp="1611354850293" timestamp="813586" />
  <Command __id="156" _type="EclipseCommand" commandID="" date="Fri Jan 22 17:47:43 EST 2021" starttimestamp="1611354850293" timestamp="813627" />
  <Command __id="157" _type="MoveCaretCommand" caretOffset="243" date="Fri Jan 22 17:47:51 EST 2021" docOffset="386" starttimestamp="1611354850293" timestamp="820790" />
  <Command __id="158" _type="EclipseCommand" commandID="AUTOGEN:::org.eclipse.jdt.internal.ui.CompilationUnitEditor.ruler.actions/org.eclipse.jdt.internal.ui.javaeditor.JavaSelectRulerAction" date="Fri Jan 22 17:47:53 EST 2021" starttimestamp="1611354850293" timestamp="823258" />
  <Command __id="159" _type="ShellCommand" date="Fri Jan 22 17:48:15 EST 2021" starttimestamp="1611354850293" timestamp="844957" type="ECLIPSE_LOST_FOCUS" />
  <Command __id="160" _type="ShellCommand" date="Fri Jan 22 17:48:19 EST 2021" starttimestamp="1611354850293" timestamp="849096" type="ECLIPSE_GAINED_FOCUS" />
  <Command __id="161" _type="CopyCommand" date="Fri Jan 22 17:48:22 EST 2021" starttimestamp="1611354850293" timestamp="852485" />
  <Command __id="162" _type="ShellCommand" date="Fri Jan 22 17:48:22 EST 2021" starttimestamp="1611354850293" timestamp="852656" type="ECLIPSE_LOST_FOCUS" />
  <Command __id="163" _type="ShellCommand" date="Fri Jan 22 17:49:20 EST 2021" starttimestamp="1611354850293" timestamp="909806" type="ECLIPSE_GAINED_FOCUS" />
  <Command __id="164" _type="MoveCaretCommand" caretOffset="584" date="Fri Jan 22 17:49:20 EST 2021" docOffset="727" starttimestamp="1611354850293" timestamp="909955" />
  <Command __id="165" _type="MoveCaretCommand" caretOffset="919" date="Fri Jan 22 17:49:26 EST 2021" docOffset="1062" starttimestamp="1611354850293" timestamp="916259" />
  <Command __id="167" _type="RunCommand" date="Fri Jan 22 17:49:31 EST 2021" kind="HitBreakPoint" projectName="533" starttimestamp="1611354850293" timestamp="921210" type="Run" />
  <Command __id="168" _type="RunCommand" date="Fri Jan 22 17:49:31 EST 2021" kind="HitBreakPoint" projectName="533" starttimestamp="1611354850293" timestamp="921211" type="Run" />
  <Command __id="169" _type="ConsoleOutput" date="Fri Jan 22 17:49:31 EST 2021" overflow="false" starttimestamp="1611354850293" timestamp="921568" type="ConsoleOutput">
    <outputString><![CDATA[Buffer traced messages =true
I***Tracer: showInfo = true
]]></outputString>
    <diff><![CDATA[[Diff(DELETE,"Running junit test:GreetingCheckstyle at Fri Jan 22 17:45:06 EST 2021¶Did not find file:/Users/christiannell/eclipse-workspace/533/./Logs/LocalChecks/unc_checks_533_A0.xml¶Download unc_checks_533_A0.xml and add it to directory /Users/christiannell/eclipse-workspace/533/./Logs/LocalChecks¶Step"), Diff(INSERT,"Buffer traced message"), Diff(EQUAL,"s "), Diff(INSERT,"="), Diff(EQUAL,"tr"), Diff(DELETE,"aced since last test:¶I***{AWT-EventQueue-0}(TestCaseResult) ### anonymous: 0.0¶¶GreetingCheckstyle did not pass completely:Please see console error messages:%0.0"), Diff(INSERT,"ue¶I***Tracer: showInfo = true"), Diff(EQUAL,"¶")]]]></diff>
  </Command>
  <Command __id="170" _type="ShellCommand" date="Fri Jan 22 17:49:32 EST 2021" starttimestamp="1611354850293" timestamp="921789" type="ECLIPSE_LOST_FOCUS" />
  <Command __id="171" _type="ConsoleOutput" date="Fri Jan 22 17:49:34 EST 2021" overflow="false" starttimestamp="1611354850293" timestamp="923733" type="ConsoleOutput">
    <outputString><![CDATA[ObjectEditor(Version 22, built on Sat Jan 16 20:25:10 EST 2021). Copyright Prasun Dewan, 2012, All rights reserved. US Patent Appl. No.: 12/532,327
]]></outputString>
    <diff><![CDATA[[Diff(DELETE,"Buffer traced messages =true¶I***Tracer: showInfo = true"), Diff(INSERT,"ObjectEditor(Version 22, built on Sat Jan 16 20:25:10 EST 2021). Copyright Prasun Dewan, 2012, All rights reserved. US Patent Appl. No.: 12/532,327"), Diff(EQUAL,"¶")]]]></diff>
  </Command>
  <Command __id="172" _type="ConsoleOutput" date="Fri Jan 22 17:49:42 EST 2021" overflow="false" starttimestamp="1611354850293" timestamp="931729" type="ConsoleOutput">
    <outputString><![CDATA[Running junit test:GreetingMainProvided at Fri Jan 22 17:49:41 EST 2021
Running junit test:GreetingClassRegistryProvided at Fri Jan 22 17:49:41 EST 2021
I***Tracer: showInfo = false
Number of traces > 600  turning tracing off
I***Tracer: showInfo = true
Running junit test:GreetingRun at Fri Jan 22 17:49:41 EST 2021
Number of traces > 600  turning tracing off
I***Tracer: showInfo = false
I***Tracer: showInfo = true
I***Tracer: showInfo = false
Number of traces > 600  turning tracing off
]]></outputString>
    <diff><![CDATA[[Diff(DELETE,"ObjectEditor(Version 22, built on Sat Jan 16 20:25:10 EST 2021). Copyright Prasun Dewan, 2012, All rights reserved. US Patent Appl. No.: 12/532,327"), Diff(INSERT,"Running junit test:GreetingMainProvided at Fri Jan 22 17:49:41 EST 2021¶Running junit test:GreetingClassRegistryProvided at Fri Jan 22 17:49:41 EST 2021¶I***Tracer: showInfo = false¶Number of traces > 600  turning tracing off¶I***Tracer: showInfo = true¶Running junit test:GreetingRun at Fri Jan 22 17:49:41 EST 2021¶Number of traces > 600  turning tracing off¶I***Tracer: showInfo = false¶I***Tracer: showInfo = true¶I***Tracer: showInfo = false¶Number of traces > 600  turning tracing off"), Diff(EQUAL,"¶")]]]></diff>
  </Command>
  <Command __id="173" _type="ConsoleOutput" date="Fri Jan 22 17:49:42 EST 2021" overflow="false" starttimestamp="1611354850293" timestamp="932240" type="ConsoleOutput">
    <outputString><![CDATA[I***Tracer: showInfo = true
Running junit test:GreetingCheckstyle at Fri Jan 22 17:49:42 EST 2021
Number of traces > 600  turning tracing off
I***Tracer: showInfo = false
I***Tracer: showInfo = true
Building symbol table and running first pass checks:Fri Jan 22 17:49:42 EST 2021
]]></outputString>
    <diff><![CDATA[[Diff(DELETE,"Running junit test:GreetingMainProvided at Fri Jan 22 17:49:41 EST 2021¶Running junit test:GreetingClassRegistryProvided at Fri Jan 22 17:49:41 EST 2021¶I***Tracer: showInfo = false¶Number of traces > 600  turning tracing off¶"), Diff(EQUAL,"I***Tracer: showInfo = true¶Running junit test:Greeting"), Diff(DELETE,"Run"), Diff(INSERT,"Checkstyle"), Diff(EQUAL," at Fri Jan 22 17:49:4"), Diff(DELETE,"1"), Diff(INSERT,"2"), Diff(EQUAL," EST 2021¶Number of traces > 600  turning tracing off¶I***Tracer: showInfo = false¶I***Tracer: showInfo = true¶"), Diff(DELETE,"I***Tracer: showInfo = false¶Number of traces > 600  turning tracing off"), Diff(INSERT,"Building symbol table and running first pass checks:Fri Jan 22 17:49:42 EST 2021"), Diff(EQUAL,"¶")]]]></diff>
  </Command>
  <Command __id="174" _type="ConsoleOutput" date="Fri Jan 22 17:49:43 EST 2021" overflow="false" starttimestamp="1611354850293" timestamp="933623" type="ConsoleOutput">
    <outputString><![CDATA[Symbol table size:5
Running second pass checks Fri Jan 22 17:49:43 EST 2021
Start O(n2) inter- and intra class method calls:Fri Jan 22 17:49:43 EST 2021
End O(n2) inter- and intra class method calls:Fri Jan 22 17:49:43 EST 2021
]]></outputString>
    <diff><![CDATA[[Diff(DELETE,"I***Tracer: showInfo = true¶Running junit test:GreetingCheckstyle at"), Diff(INSERT,"Symbol table size:5¶Running second pass checks"), Diff(EQUAL," Fri Jan 22 17:49:4"), Diff(DELETE,"2"), Diff(INSERT,"3"), Diff(EQUAL," EST 2021¶"), Diff(DELETE,"Number of traces > 600  turning tracing off¶I***Tracer: showInfo = false¶I***Tracer: showInfo = true¶Building symbol table and running first pass check"), Diff(INSERT,"Start O(n2) inter- and intra class method calls:Fri Jan 22 17:49:43 EST 2021¶End O(n2) inter- and intra class method call"), Diff(EQUAL,"s:Fri Jan 22 17:49:4"), Diff(DELETE,"2"), Diff(INSERT,"3"), Diff(EQUAL," EST 2021¶")]]]></diff>
  </Command>
  <Command __id="175" _type="ConsoleOutput" date="Fri Jan 22 17:49:44 EST 2021" overflow="false" starttimestamp="1611354850293" timestamp="934107" type="ConsoleOutput">
    <outputString><![CDATA[Finished second pass checks:Fri Jan 22 17:49:44 EST 2021
Generating checks:Fri Jan 22 17:49:44 EST 2021
Finished Generating checks:Fri Jan 22 17:49:44 EST 2021
Generating externals:Fri Jan 22 17:49:44 EST 2021
Finished Generating externals:Fri Jan 22 17:49:44 EST 2021
Checkstyle text:
Starting audit...
[INFO] /Users/christiannell/eclipse-workspace/533/./src/a0/Hello.java:1: Method:main:String[]->void in class a0.Hello:[@GreetingMain] has made expected call java.io.PrintStream!println:*->.*. Good! [MissingMethodCall]
[INFO] /Users/christiannell/eclipse-workspace/533/./src/a0/Hello.java:3: Access modifiers used: Access Modifiers Used: []  [STBuilder]
[INFO] /Users/christiannell/eclipse-workspace/533/./src/a0/Hello.java:3: Aggregate statistics:  Is Abstract:false Number of Abstract Methods:0 Is Generic:false Number of Generic Methods:0 Number of Asserts:0 Number of Ternary Conditionals:0 Number of Methods:1 Number of Functions:0 Number of Non Getter Functions:0 Number of Getters and Setters:0 Number of Non Public Methods:0 Public Methods Fraction:1.0 Protected Methods Fraction:0.0 Package Access Methods Fraction:0.0 Private  Methods Fraction:0.0 Average Method Access:0.0 Number of Variables:0 Public Variables Fraction:NaN Protected Variables Fraction:NaN Package Access Variables Fraction:NaN Private  Variable Fraction:NaN Average Variable Access:NaN Number of Properties:0 Public Properties Fraction:NaN Protected Properties Fraction:NaN Package Access Properties Fraction:NaN Private  Properties Fraction:NaN Editable Properties Fraction:NaN ReadOnly Access Properties Fraction:NaN WriteOnly  Properties Fraction:NaN Average Properties Access:NaN Average Local References per Constant:-1.0 Average Local References per Variable:-1.0 Average Local Assignments per Variable:-1.0 [STBuilder]
[INFO] /Users/christiannell/eclipse-workspace/533/./src/a0/Hello.java:3: Class/Interface matching tag @GreetingMain defined [ClassDefined]
[INFO] /Users/christiannell/eclipse-workspace/533/./src/a0/Hello.java:3: Inner types defined: []  [STBuilder]
[INFO] /Users/christiannell/eclipse-workspace/533/./src/a0/Hello.java:3: Interfaces defined: []  [STBuilder]
[INFO] /Users/christiannell/eclipse-workspace/533/./src/a0/Hello.java:3: Methods defined: NonGetterFunctions:[]NonSetterProcedures:[static public  main:String[]->void]Getters:[]Setters:[]  [STBuilder]
[INFO] /Users/christiannell/eclipse-workspace/533/./src/a0/Hello.java:3: Properties defined: Properties:[]  [STBuilder]
[INFO] /Users/christiannell/eclipse-workspace/533/./src/a0/Hello.java:3: Super types: None [STBuilder]
[INFO] /Users/christiannell/eclipse-workspace/533/./src/a0/Hello.java:3: Tags defined: None  [STBuilder]
[INFO] /Users/christiannell/eclipse-workspace/533/./src/a0/Hello.java:3: Variables defined: {10}  [STBuilder]
[INFO] /Users/christiannell/eclipse-workspace/533/./src/a0/Hello.java:4:33: Final parameter args defined. Good! [FinalParameterDefined]
[INFO] /Users/christiannell/eclipse-workspace/533/./src/a0/Greeting.java:1: All public methods override. Good!  [PublicMethodsOverride]
[WARN] /Users/christiannell/eclipse-workspace/533/./src/a0/Greeting.java:6:8: Unused import - util.trace.Tracer. [UnusedImports]
[INFO] /Users/christiannell/eclipse-workspace/533/./src/a0/Greeting.java:8: Access modifiers used: Access Modifiers Used: []  [STBuilder]
[INFO] /Users/christiannell/eclipse-workspace/533/./src/a0/Greeting.java:8: Aggregate statistics:  Is Abstract:false Number of Abstract Methods:0 Is Generic:false Number of Generic Methods:0 Number of Asserts:0 Number of Ternary Conditionals:0 Number of Methods:2 Number of Functions:1 Number of Non Getter Functions:0 Number of Getters and Setters:1 Number of Non Public Methods:0 Public Methods Fraction:1.0 Protected Methods Fraction:0.0 Package Access Methods Fraction:0.0 Private  Methods Fraction:0.0 Average Method Access:0.0 Number of Variables:0 Public Variables Fraction:NaN Protected Variables Fraction:NaN Package Access Variables Fraction:NaN Private  Variable Fraction:NaN Average Variable Access:NaN Number of Properties:1 Public Properties Fraction:1.0 Protected Properties Fraction:0.0 Package Access Properties Fraction:0.0 Private  Properties Fraction:0.0 Editable Properties Fraction:0.0 ReadOnly Access Properties Fraction:1.0 WriteOnly  Properties Fraction:0.0 Average Properties Access:0.0 Average Local References per Constant:-1.0 Average Local References per Variable:-1.0 Average Local Assignments per Variable:-1.0 [STBuilder]
[INFO] /Users/christiannell/eclipse-workspace/533/./src/a0/Greeting.java:8: Class/Interface matching tag No Expected Tag defined [ClassDefined]
[INFO] /Users/christiannell/eclipse-workspace/533/./src/a0/Greeting.java:8: Inner types defined: []  [STBuilder]
[INFO] /Users/christiannell/eclipse-workspace/533/./src/a0/Greeting.java:8: Interfaces defined: []  [STBuilder]
[INFO] /Users/christiannell/eclipse-workspace/533/./src/a0/Greeting.java:8: Methods defined: NonGetterFunctions:[]NonSetterProcedures:[static public  main:String[]->void]Getters:[public  getGreetingMain:->Class]Setters:[]  [STBuilder]
[INFO] /Users/christiannell/eclipse-workspace/533/./src/a0/Greeting.java:8: Properties defined: Properties:[readonly  p-v:5 access:public GreetingMain:Class(public , null)]  [STBuilder]
[INFO] /Users/christiannell/eclipse-workspace/533/./src/a0/Greeting.java:8: Super types: None [STBuilder]
[INFO] /Users/christiannell/eclipse-workspace/533/./src/a0/Greeting.java:8: Tags defined: None  [STBuilder]
[INFO] /Users/christiannell/eclipse-workspace/533/./src/a0/Greeting.java:8: Variables defined: {10}  [STBuilder]
[INFO] /Users/christiannell/eclipse-workspace/533/./src/a0/Greeting.java:10:33: Final parameter args defined. Good! [FinalParameterDefined]
[WARN] /Users/christiannell/eclipse-workspace/533/./src/a0/Greeting.java:17: Magic number 600   [LiberalMagicNumber]
[WARN] /Users/christiannell/eclipse-workspace/533/./src/a0/Greeting.java:19: Magic number 2000   [LiberalMagicNumber]
[WARN] /Users/christiannell/eclipse-workspace/533/./src/a0/Greeting.java:21: Magic number 5   [LiberalMagicNumber]
Audit done.

]]></outputString>
    <diff><![CDATA[[Diff(DELETE,"Symbol table size:5¶Running second pass checks Fri Jan 22 17:49:43 EST 2021¶Start O(n2) inter- and intra class method calls:Fri Jan 22 17:49:43 EST 2021¶End O(n2) inter- and intra class method calls:Fri Jan 22 17:49:43 EST 2021"), Diff(INSERT,"Finished second pass checks:Fri Jan 22 17:49:44 EST 2021¶Generating checks:Fri Jan 22 17:49:44 EST 2021¶Finished Generating checks:Fri Jan 22 17:49:44 EST 2021¶Generating externals:Fri Jan 22 17:49:44 EST 2021¶Finished Generating externals:Fri Jan 22 17:49:44 EST 2021¶Checkstyle text:¶Starting audit...¶[INFO] /Users/christiannell/eclipse-workspace/533/./src/a0/Hello.java:1: Method:main:String[]->void in class a0.Hello:[@GreetingMain] has made expected call java.io.PrintStream!println:*->.*. Good! [MissingMethodCall]¶[INFO] /Users/christiannell/eclipse-workspace/533/./src/a0/Hello.java:3: Access modifiers used: Access Modifiers Used: []  [STBuilder]¶[INFO] /Users/christiannell/eclipse-workspace/533/./src/a0/Hello.java:3: Aggregate statistics:  Is Abstract:false Number of Abstract Methods:0 Is Generic:false Number of Generic Methods:0 Number of Asserts:0 Number of Ternary Conditionals:0 Number of Methods:1 Number of Functions:0 Number of Non Getter Functions:0 Number of Getters and Setters:0 Number of Non Public Methods:0 Public Methods Fraction:1.0 Protected Methods Fraction:0.0 Package Access Methods Fraction:0.0 Private  Methods Fraction:0.0 Average Method Access:0.0 Number of Variables:0 Public Variables Fraction:NaN Protected Variables Fraction:NaN Package Access Variables Fraction:NaN Private  Variable Fraction:NaN Average Variable Access:NaN Number of Properties:0 Public Properties Fraction:NaN Protected Properties Fraction:NaN Package Access Properties Fraction:NaN Private  Properties Fraction:NaN Editable Properties Fraction:NaN ReadOnly Access Properties Fraction:NaN WriteOnly  Properties Fraction:NaN Average Properties Access:NaN Average Local References per Constant:-1.0 Average Local References per Variable:-1.0 Average Local Assignments per Variable:-1.0 [STBuilder]¶[INFO] /Users/christiannell/eclipse-workspace/533/./src/a0/Hello.java:3: Class/Interface matching tag @GreetingMain defined [ClassDefined]¶[INFO] /Users/christiannell/eclipse-workspace/533/./src/a0/Hello.java:3: Inner types defined: []  [STBuilder]¶[INFO] /Users/christiannell/eclipse-workspace/533/./src/a0/Hello.java:3: Interfaces defined: []  [STBuilder]¶[INFO] /Users/christiannell/eclipse-workspace/533/./src/a0/Hello.java:3: Methods defined: NonGetterFunctions:[]NonSetterProcedures:[static public  main:String[]->void]Getters:[]Setters:[]  [STBuilder]¶[INFO] /Users/christiannell/eclipse-workspace/533/./src/a0/Hello.java:3: Properties defined: Properties:[]  [STBuilder]¶[INFO] /Users/christiannell/eclipse-workspace/533/./src/a0/Hello.java:3: Super types: None [STBuilder]¶[INFO] /Users/christiannell/eclipse-workspace/533/./src/a0/Hello.java:3: Tags defined: None  [STBuilder]¶[INFO] /Users/christiannell/eclipse-workspace/533/./src/a0/Hello.java:3: Variables defined: {10}  [STBuilder]¶[INFO] /Users/christiannell/eclipse-workspace/533/./src/a0/Hello.java:4:33: Final parameter args defined. Good! [FinalParameterDefined]¶[INFO] /Users/christiannell/eclipse-workspace/533/./src/a0/Greeting.java:1: All public methods override. Good!  [PublicMethodsOverride]¶[WARN] /Users/christiannell/eclipse-workspace/533/./src/a0/Greeting.java:6:8: Unused import - util.trace.Tracer. [UnusedImports]¶[INFO] /Users/christiannell/eclipse-workspace/533/./src/a0/Greeting.java:8: Access modifiers used: Access Modifiers Used: []  [STBuilder]¶[INFO] /Users/christiannell/eclipse-workspace/533/./src/a0/Greeting.java:8: Aggregate statistics:  Is Abstract:false Number of Abstract Methods:0 Is Generic:false Number of Generic Methods:0 Number of Asserts:0 Number of Ternary Conditionals:0 Number of Methods:2 Number of Functions:1 Number of Non Getter Functions:0 Number of Getters and Setters:1 Number of Non Public Methods:0 Public Methods Fraction:1.0 Protected Methods Fraction:0.0 Package Access Methods Fraction:0.0 Private  Methods Fraction:0.0 Average Method Access:0.0 Number of Variables:0 Public Variables Fraction:NaN Protected Variables Fraction:NaN Package Access Variables Fraction:NaN Private  Variable Fraction:NaN Average Variable Access:NaN Number of Properties:1 Public Properties Fraction:1.0 Protected Properties Fraction:0.0 Package Access Properties Fraction:0.0 Private  Properties Fraction:0.0 Editable Properties Fraction:0.0 ReadOnly Access Properties Fraction:1.0 WriteOnly  Properties Fraction:0.0 Average Properties Access:0.0 Average Local References per Constant:-1.0 Average Local References per Variable:-1.0 Average Local Assignments per Variable:-1.0 [STBuilder]¶[INFO] /Users/christiannell/eclipse-workspace/533/./src/a0/Greeting.java:8: Class/Interface matching tag No Expected Tag defined [ClassDefined]¶[INFO] /Users/christiannell/eclipse-workspace/533/./src/a0/Greeting.java:8: Inner types defined: []  [STBuilder]¶[INFO] /Users/christiannell/eclipse-workspace/533/./src/a0/Greeting.java:8: Interfaces defined: []  [STBuilder]¶[INFO] /Users/christiannell/eclipse-workspace/533/./src/a0/Greeting.java:8: Methods defined: NonGetterFunctions:[]NonSetterProcedures:[static public  main:String[]->void]Getters:[public  getGreetingMain:->Class]Setters:[]  [STBuilder]¶[INFO] /Users/christiannell/eclipse-workspace/533/./src/a0/Greeting.java:8: Properties defined: Properties:[readonly  p-v:5 access:public GreetingMain:Class(public , null)]  [STBuilder]¶[INFO] /Users/christiannell/eclipse-workspace/533/./src/a0/Greeting.java:8: Super types: None [STBuilder]¶[INFO] /Users/christiannell/eclipse-workspace/533/./src/a0/Greeting.java:8: Tags defined: None  [STBuilder]¶[INFO] /Users/christiannell/eclipse-workspace/533/./src/a0/Greeting.java:8: Variables defined: {10}  [STBuilder]¶[INFO] /Users/christiannell/eclipse-workspace/533/./src/a0/Greeting.java:10:33: Final parameter args defined. Good! [FinalParameterDefined]¶[WARN] /Users/christiannell/eclipse-workspace/533/./src/a0/Greeting.java:17: Magic number 600   [LiberalMagicNumber]¶[WARN] /Users/christiannell/eclipse-workspace/533/./src/a0/Greeting.java:19: Magic number 2000   [LiberalMagicNumber]¶[WARN] /Users/christiannell/eclipse-workspace/533/./src/a0/Greeting.java:21: Magic number 5   [LiberalMagicNumber]¶Audit done.¶"), Diff(EQUAL,"¶")]]]></diff>
  </Command>
  <Command __id="179" _type="RunCommand" date="Fri Jan 22 17:50:19 EST 2021" kind="HitBreakPoint" projectName="533" starttimestamp="1611354850293" timestamp="968990" type="Run" />
  <Command __id="180" _type="RunCommand" date="Fri Jan 22 17:50:19 EST 2021" kind="HitBreakPoint" projectName="533" starttimestamp="1611354850293" timestamp="968990" type="Run" />
  <Command __id="181" _type="ConsoleOutput" date="Fri Jan 22 17:50:19 EST 2021" overflow="false" starttimestamp="1611354850293" timestamp="969381" type="ConsoleOutput">
    <outputString><![CDATA[Buffer traced messages =true
I***Tracer: showInfo = true
]]></outputString>
    <diff><![CDATA[[Diff(DELETE,"Finished second pass checks:Fri Jan 22 17:49:44 EST 2021¶Generating checks:Fri Jan 22 17:49:44 EST 2021¶Finished Generating checks:Fri Jan 22 17:49:44 EST 2021¶Generating externals:Fri Jan 22 17:49:44 EST 2021¶Finished Generating externals:Fri Jan 22 17:49:44 EST 2021¶Checkstyle text:¶Starting audit...¶[INFO] /Users/christiannell/eclipse-workspace/533/./src/a0/Hello.java:1: Method:main:String[]->void in class a0.Hello:[@GreetingMain] has made expected call java.io.PrintStream!println:*->.*. Good! [MissingMethodCall]¶[INFO] /Users/christiannell/eclipse-workspace/533/./src/a0/Hello.java:3: Access modifiers used: Access Modifiers Used: []  [STBuilder]¶[INFO] /Users/christiannell/eclipse-workspace/533/./src/a0/Hello.java:3: Aggregate statistics:  Is Abstract:false Number of Abstract Methods:0 Is Generic:false Number of Generic Methods:0 Number of Asserts:0 Number of Ternary Conditionals:0 Number of Methods:1 Number of Functions:0 Number of Non Getter Functions:0 Number of Getters and Setters:0 Number of Non Public Methods:0 Public Methods Fraction:1.0 Protected Methods Fraction:0.0 Package Access Methods Fraction:0.0 Private  Methods Fraction:0.0 Average Method Access:0.0 Number of Variables:0 Public Variables Fraction:NaN Protected Variables Fraction:NaN Package Access Variables Fraction:NaN Private  Variable Fraction:NaN Average Variable Access:NaN Number of Properties:0 Public Properties Fraction:NaN Protected Properties Fraction:NaN Package Access Properties Fraction:NaN Private  Properties Fraction:NaN Editable Properties Fraction:NaN ReadOnly Access Properties Fraction:NaN WriteOnly  Properties Fraction:NaN Average Properties Access:NaN Average Local References per Constant:-1.0 Average Local References per Variable:-1.0 Average Local Assignments per Variable:-1.0 [STBuilder]¶[INFO] /Users/christiannell/eclipse-workspace/533/./src/a0/Hello.java:3: Class/Interface matching tag @GreetingMain defined [ClassDefined]¶[INFO] /Users/christiannell/eclipse-workspace/533/./src/a0/Hello.java:3: Inner types defined: []  [STBuilder]¶[INFO] /Users/christiannell/eclipse-workspace/533/./src/a0/Hello.java:3: Interfaces defined: []  [STBuilder]¶[INFO] /Users/christiannell/eclipse-workspace/533/./src/a0/Hello.java:3: Methods defined: NonGetterFunctions:[]NonSetterProcedures:[static public  main:String[]->void]Getters:[]Setters:[]  [STBuilder]¶[INFO] /Users/christiannell/eclipse-workspace/533/./src/a0/Hello.java:3: Properties defined: Properties:[]  [STBuilder]¶[INFO] /Users/christiannell/eclipse-workspace/533/./src/a0/Hello.java:3: Super types: None [STBuilder]¶[INFO] /Users/christiannell/eclipse-workspace/533/./src/a0/Hello.java:3: Tags defined: None  [STBuilder]¶[INFO] /Users/christiannell/eclipse-workspace/533/./src/a0/Hello.java:3: Variables defined: {10}  [STBuilder]¶[INFO] /Users/christiannell/eclipse-workspace/533/./src/a0/Hello.java:4:33: Final parameter args defined. Good! [FinalParameterDefined]¶[INFO] /Users/christiannell/eclipse-workspace/533/./src/a0/Greeting.java:1: All public methods override. Good!  [PublicMethodsOverride]¶[WARN] /Users/christiannell/eclipse-workspace/533/./src/a0/Greeting.java:6:8: Unused import - util.trace.Tracer. [UnusedImports]¶[INFO] /Users/christiannell/eclipse-workspace/533/./src/a0/Greeting.java:8: Access modifiers used: Access Modifiers Used: []  [STBuilder]¶[INFO] /Users/christiannell/eclipse-workspace/533/./src/a0/Greeting.java:8: Aggregate statistics:  Is Abstract:false Number of Abstract Methods:0 Is Generic:false Number of Generic Methods:0 Number of Asserts:0 Number of Ternary Conditionals:0 Number of Methods:2 Number of Functions:1 Number of Non Getter Functions:0 Number of Getters and Setters:1 Number of Non Public Methods:0 Public Methods Fraction:1.0 Protected Methods Fraction:0.0 Package Access Methods Fraction:0.0 Private  Methods Fraction:0.0 Average Method Access:0.0 Number of Variables:0 Public Variables Fraction:NaN Protected Variables Fraction:NaN Package Access Variables Fraction:NaN Private  Variable Fraction:NaN Average Variable Access:NaN Number of Properties:1 Public Properties Fraction:1.0 Protected Properties Fraction:0.0 Package Access Properties Fraction:0.0 Private  Properties Fraction:0.0 Editable Properties Fraction:0.0 ReadOnly Access Properties Fraction:1.0 WriteOnly  Properties Fraction:0.0 Average Properties Access:0.0 Average Local References per Constant:-1.0 Average Local References per Variable:-1.0 Average Local Assignments per Variable:-1.0 [STBuilder]¶[INFO] /Users/christiannell/eclipse-workspace/533/./src/a0/Greeting.java:8: Class/Interface matching tag No Expected Tag defined [ClassDefined]¶[INFO] /Users/christiannell/eclipse-workspace/533/./src/a0/Greeting.java:8: Inner types defined: []  [STBuilder]¶[INFO] /Users/christiannell/eclipse-workspace/533/./src/a0/Greeting.java:8: Interfaces defined: []  [STBuilder]¶[INFO] /Users/christiannell/eclipse-workspace/533/./src/a0/Greeting.java:8: Methods defined: NonGetterFunctions:[]NonSetterProcedures:[static public  main:String[]->void]Getters:[public  getGreetingMain:->Class]Setters:[]  [STBuilder]¶[INFO] /Users/christiannell/eclipse-workspace/533/./src/a0/Greeting.java:8: Properties defined: Properties:[readonly  p-v:5 access:public GreetingMain:Class(public , null)]  [STBuilder]¶[INFO] /Users/christiannell/eclipse-workspace/533/./src/a0/Greeting.java:8: Super types: None [STBuilder]¶[INFO] /Users/christiannell/eclipse-workspace/533/./src/a0/Greeting.java:8: Tags defined: None  [STBuilder]¶[INFO] /Users/christiannell/eclipse-workspace/533/./src/a0/Greeting.java:8: Variables defined: {10}  [STBuilder]¶[INFO] /Users/christiannell/eclipse-workspace/533/./src/a0/Greeting.java:10:33: Final parameter args defined. Good! [FinalParameterDefined]¶[WARN] /Users/christiannell/eclipse-workspace/533/./src/a0/Greeting.java:17: Magic number 600   [LiberalMagicNumber]¶[WARN] /Users/christiannell/eclipse-workspace/533/./src/a0/Greeting.java:19: Magic number 2000   [LiberalMagicNumber]¶[WARN] /Users/christiannell/eclipse-workspace/533/./src/a0/Greeting.java:21: Magic number 5   [LiberalMagicNumber]¶Audit done.¶"), Diff(INSERT,"Buffer traced messages =true¶I***Tracer: showInfo = true"), Diff(EQUAL,"¶")]]]></diff>
  </Command>
  <Command __id="182" _type="ShellCommand" date="Fri Jan 22 17:50:19 EST 2021" starttimestamp="1611354850293" timestamp="969572" type="ECLIPSE_LOST_FOCUS" />
  <Command __id="183" _type="ConsoleOutput" date="Fri Jan 22 17:50:21 EST 2021" overflow="false" starttimestamp="1611354850293" timestamp="971381" type="ConsoleOutput">
    <outputString><![CDATA[ObjectEditor(Version 22, built on Sat Jan 16 20:25:10 EST 2021). Copyright Prasun Dewan, 2012, All rights reserved. US Patent Appl. No.: 12/532,327
]]></outputString>
    <diff><![CDATA[[Diff(DELETE,"Buffer traced messages =true¶I***Tracer: showInfo = true"), Diff(INSERT,"ObjectEditor(Version 22, built on Sat Jan 16 20:25:10 EST 2021). Copyright Prasun Dewan, 2012, All rights reserved. US Patent Appl. No.: 12/532,327"), Diff(EQUAL,"¶")]]]></diff>
  </Command>
  <Command __id="184" _type="ConsoleOutput" date="Fri Jan 22 17:50:29 EST 2021" overflow="false" starttimestamp="1611354850293" timestamp="979199" type="ConsoleOutput">
    <outputString><![CDATA[Running junit test:GreetingMainProvided at Fri Jan 22 17:50:29 EST 2021
Running junit test:GreetingClassRegistryProvided at Fri Jan 22 17:50:29 EST 2021
Number of traces > 600  turning tracing offI***Tracer: showInfo = false

I***Tracer: showInfo = true
Running junit test:GreetingRun at Fri Jan 22 17:50:29 EST 2021
I***Tracer: showInfo = false
Number of traces > 600  turning tracing off
I***Tracer: showInfo = true
I***Tracer: showInfo = false
Number of traces > 600  turning tracing off
]]></outputString>
    <diff><![CDATA[[Diff(DELETE,"ObjectEditor(Version 22, built on Sat Jan 16 20:25:10 EST 2021). Copyright Prasun Dew"), Diff(INSERT,"Running junit test:GreetingMainProvided at Fri Jan 22 17:50:29 EST 2021¶Running junit test:GreetingClassRegistryProvided at Fri Jan 22 17:50:29 EST 2021¶Number of traces > 600  turning tracing offI***Tracer: showInfo = false¶¶I***Tracer: showInfo = true¶Running junit test:GreetingRun at Fri J"), Diff(EQUAL,"an"), Diff(DELETE,","), Diff(EQUAL," 2"), Diff(DELETE,"012, All rights reserved. US Patent Appl. No.: 12/532,327"), Diff(INSERT,"2 17:50:29 EST 2021¶I***Tracer: showInfo = false¶Number of traces > 600  turning tracing off¶I***Tracer: showInfo = true¶I***Tracer: showInfo = false¶Number of traces > 600  turning tracing off"), Diff(EQUAL,"¶")]]]></diff>
  </Command>
  <Command __id="185" _type="ConsoleOutput" date="Fri Jan 22 17:50:30 EST 2021" overflow="false" starttimestamp="1611354850293" timestamp="979709" type="ConsoleOutput">
    <outputString><![CDATA[I***Tracer: showInfo = true
Running junit test:GreetingCheckstyle at Fri Jan 22 17:50:29 EST 2021
Number of traces > 600  turning tracing off
I***Tracer: showInfo = false
I***Tracer: showInfo = true
Building symbol table and running first pass checks:Fri Jan 22 17:50:29 EST 2021
]]></outputString>
    <diff><![CDATA[[Diff(DELETE,"Running junit test:GreetingMainProvided at Fri Jan 22 17:50:29 EST 2021"), Diff(INSERT,"I***Tracer: showInfo = true"), Diff(EQUAL,"¶Running junit test:GreetingC"), Diff(DELETE,"lassRegistryProvided"), Diff(INSERT,"heckstyle"), Diff(EQUAL," at Fri Jan 22 17:50:29 EST 2021¶Number of traces > 600  turning tracing off"), Diff(INSERT,"¶"), Diff(EQUAL,"I***Tracer: showInfo = false¶"), Diff(DELETE,"¶"), Diff(EQUAL,"I***Tracer: showInfo = true¶"), Diff(DELETE,"Running junit test:GreetingRun at Fri Jan 22 17:50:29 EST 2021¶I***Tracer: showInfo = false¶Number of traces > 600  turning tracing off¶I***Tracer: showInfo = true¶I***Tracer: showInfo = false¶Number of traces > 600  turning tracing off"), Diff(INSERT,"Building symbol table and running first pass checks:Fri Jan 22 17:50:29 EST 2021"), Diff(EQUAL,"¶")]]]></diff>
  </Command>
  <Command __id="186" _type="ConsoleOutput" date="Fri Jan 22 17:50:31 EST 2021" overflow="false" starttimestamp="1611354850293" timestamp="980946" type="ConsoleOutput">
    <outputString><![CDATA[Symbol table size:5
Running second pass checks Fri Jan 22 17:50:31 EST 2021
Start O(n2) inter- and intra class method calls:Fri Jan 22 17:50:31 EST 2021
End O(n2) inter- and intra class method calls:Fri Jan 22 17:50:31 EST 2021
]]></outputString>
    <diff><![CDATA[[Diff(DELETE,"I***Tracer: showInfo = true¶Running junit test:GreetingCheckstyle at"), Diff(INSERT,"Symbol table size:5¶Running second pass checks"), Diff(EQUAL," Fri Jan 22 17:50:"), Diff(DELETE,"29"), Diff(INSERT,"31"), Diff(EQUAL," EST 2021¶"), Diff(DELETE,"Number of traces > 600  turning tracing off¶I***Tracer: showInfo = false¶I***Tracer: showInfo = true¶Building symbol table and running first pass check"), Diff(INSERT,"Start O(n2) inter- and intra class method calls:Fri Jan 22 17:50:31 EST 2021¶End O(n2) inter- and intra class method call"), Diff(EQUAL,"s:Fri Jan 22 17:50:"), Diff(DELETE,"29"), Diff(INSERT,"31"), Diff(EQUAL," EST 2021¶")]]]></diff>
  </Command>
  <Command __id="187" _type="ConsoleOutput" date="Fri Jan 22 17:50:31 EST 2021" overflow="false" starttimestamp="1611354850293" timestamp="981566" type="ConsoleOutput">
    <outputString><![CDATA[Finished second pass checks:Fri Jan 22 17:50:31 EST 2021
Generating checks:Fri Jan 22 17:50:31 EST 2021
Finished Generating checks:Fri Jan 22 17:50:31 EST 2021
Generating externals:Fri Jan 22 17:50:31 EST 2021
Finished Generating externals:Fri Jan 22 17:50:31 EST 2021
Checkstyle text:
Starting audit...
[INFO] /Users/christiannell/eclipse-workspace/533/./src/a0/Hello.java:1: Method:main:String[]->void in class a0.Hello:[@GreetingMain] has made expected call java.io.PrintStream!println:*->.*. Good! [MissingMethodCall]
[INFO] /Users/christiannell/eclipse-workspace/533/./src/a0/Hello.java:3: Access modifiers used: Access Modifiers Used: []  [STBuilder]
[INFO] /Users/christiannell/eclipse-workspace/533/./src/a0/Hello.java:3: Aggregate statistics:  Is Abstract:false Number of Abstract Methods:0 Is Generic:false Number of Generic Methods:0 Number of Asserts:0 Number of Ternary Conditionals:0 Number of Methods:1 Number of Functions:0 Number of Non Getter Functions:0 Number of Getters and Setters:0 Number of Non Public Methods:0 Public Methods Fraction:1.0 Protected Methods Fraction:0.0 Package Access Methods Fraction:0.0 Private  Methods Fraction:0.0 Average Method Access:0.0 Number of Variables:0 Public Variables Fraction:NaN Protected Variables Fraction:NaN Package Access Variables Fraction:NaN Private  Variable Fraction:NaN Average Variable Access:NaN Number of Properties:0 Public Properties Fraction:NaN Protected Properties Fraction:NaN Package Access Properties Fraction:NaN Private  Properties Fraction:NaN Editable Properties Fraction:NaN ReadOnly Access Properties Fraction:NaN WriteOnly  Properties Fraction:NaN Average Properties Access:NaN Average Local References per Constant:-1.0 Average Local References per Variable:-1.0 Average Local Assignments per Variable:-1.0 [STBuilder]
[INFO] /Users/christiannell/eclipse-workspace/533/./src/a0/Hello.java:3: Class/Interface matching tag @GreetingMain defined [ClassDefined]
[INFO] /Users/christiannell/eclipse-workspace/533/./src/a0/Hello.java:3: Inner types defined: []  [STBuilder]
[INFO] /Users/christiannell/eclipse-workspace/533/./src/a0/Hello.java:3: Interfaces defined: []  [STBuilder]
[INFO] /Users/christiannell/eclipse-workspace/533/./src/a0/Hello.java:3: Methods defined: NonGetterFunctions:[]NonSetterProcedures:[static public  main:String[]->void]Getters:[]Setters:[]  [STBuilder]
[INFO] /Users/christiannell/eclipse-workspace/533/./src/a0/Hello.java:3: Properties defined: Properties:[]  [STBuilder]
[INFO] /Users/christiannell/eclipse-workspace/533/./src/a0/Hello.java:3: Super types: None [STBuilder]
[INFO] /Users/christiannell/eclipse-workspace/533/./src/a0/Hello.java:3: Tags defined: None  [STBuilder]
[INFO] /Users/christiannell/eclipse-workspace/533/./src/a0/Hello.java:3: Variables defined: {10}  [STBuilder]
[INFO] /Users/christiannell/eclipse-workspace/533/./src/a0/Hello.java:4:33: Final parameter args defined. Good! [FinalParameterDefined]
[INFO] /Users/christiannell/eclipse-workspace/533/./src/a0/Greeting.java:1: All public methods override. Good!  [PublicMethodsOverride]
[WARN] /Users/christiannell/eclipse-workspace/533/./src/a0/Greeting.java:6:8: Unused import - util.trace.Tracer. [UnusedImports]
[INFO] /Users/christiannell/eclipse-workspace/533/./src/a0/Greeting.java:8: Access modifiers used: Access Modifiers Used: []  [STBuilder]
[INFO] /Users/christiannell/eclipse-workspace/533/./src/a0/Greeting.java:8: Aggregate statistics:  Is Abstract:false Number of Abstract Methods:0 Is Generic:false Number of Generic Methods:0 Number of Asserts:0 Number of Ternary Conditionals:0 Number of Methods:2 Number of Functions:1 Number of Non Getter Functions:0 Number of Getters and Setters:1 Number of Non Public Methods:0 Public Methods Fraction:1.0 Protected Methods Fraction:0.0 Package Access Methods Fraction:0.0 Private  Methods Fraction:0.0 Average Method Access:0.0 Number of Variables:0 Public Variables Fraction:NaN Protected Variables Fraction:NaN Package Access Variables Fraction:NaN Private  Variable Fraction:NaN Average Variable Access:NaN Number of Properties:1 Public Properties Fraction:1.0 Protected Properties Fraction:0.0 Package Access Properties Fraction:0.0 Private  Properties Fraction:0.0 Editable Properties Fraction:0.0 ReadOnly Access Properties Fraction:1.0 WriteOnly  Properties Fraction:0.0 Average Properties Access:0.0 Average Local References per Constant:-1.0 Average Local References per Variable:-1.0 Average Local Assignments per Variable:-1.0 [STBuilder]
[INFO] /Users/christiannell/eclipse-workspace/533/./src/a0/Greeting.java:8: Class/Interface matching tag No Expected Tag defined [ClassDefined]
[INFO] /Users/christiannell/eclipse-workspace/533/./src/a0/Greeting.java:8: Inner types defined: []  [STBuilder]
[INFO] /Users/christiannell/eclipse-workspace/533/./src/a0/Greeting.java:8: Interfaces defined: []  [STBuilder]
[INFO] /Users/christiannell/eclipse-workspace/533/./src/a0/Greeting.java:8: Methods defined: NonGetterFunctions:[]NonSetterProcedures:[static public  main:String[]->void]Getters:[public  getGreetingMain:->Class]Setters:[]  [STBuilder]
[INFO] /Users/christiannell/eclipse-workspace/533/./src/a0/Greeting.java:8: Properties defined: Properties:[readonly  p-v:5 access:public GreetingMain:Class(public , null)]  [STBuilder]
[INFO] /Users/christiannell/eclipse-workspace/533/./src/a0/Greeting.java:8: Super types: None [STBuilder]
[INFO] /Users/christiannell/eclipse-workspace/533/./src/a0/Greeting.java:8: Tags defined: None  [STBuilder]
[INFO] /Users/christiannell/eclipse-workspace/533/./src/a0/Greeting.java:8: Variables defined: {10}  [STBuilder]
[INFO] /Users/christiannell/eclipse-workspace/533/./src/a0/Greeting.java:10:33: Final parameter args defined. Good! [FinalParameterDefined]
[WARN] /Users/christiannell/eclipse-workspace/533/./src/a0/Greeting.java:17: Magic number 600   [LiberalMagicNumber]
[WARN] /Users/christiannell/eclipse-workspace/533/./src/a0/Greeting.java:19: Magic number 2000   [LiberalMagicNumber]
[WARN] /Users/christiannell/eclipse-workspace/533/./src/a0/Greeting.java:21: Magic number 5   [LiberalMagicNumber]
Audit done.

]]></outputString>
    <diff><![CDATA[[Diff(DELETE,"Symbol table size:5¶Running second pass checks Fri Jan 22 17:50:31 EST 2021¶Start O(n2) inter- and intra class method calls:Fri Jan 22 17:50:31 EST 2021¶End O(n2) inter- and intra class method calls:Fri Jan 22 17:50:31 EST 2021"), Diff(INSERT,"Finished second pass checks:Fri Jan 22 17:50:31 EST 2021¶Generating checks:Fri Jan 22 17:50:31 EST 2021¶Finished Generating checks:Fri Jan 22 17:50:31 EST 2021¶Generating externals:Fri Jan 22 17:50:31 EST 2021¶Finished Generating externals:Fri Jan 22 17:50:31 EST 2021¶Checkstyle text:¶Starting audit...¶[INFO] /Users/christiannell/eclipse-workspace/533/./src/a0/Hello.java:1: Method:main:String[]->void in class a0.Hello:[@GreetingMain] has made expected call java.io.PrintStream!println:*->.*. Good! [MissingMethodCall]¶[INFO] /Users/christiannell/eclipse-workspace/533/./src/a0/Hello.java:3: Access modifiers used: Access Modifiers Used: []  [STBuilder]¶[INFO] /Users/christiannell/eclipse-workspace/533/./src/a0/Hello.java:3: Aggregate statistics:  Is Abstract:false Number of Abstract Methods:0 Is Generic:false Number of Generic Methods:0 Number of Asserts:0 Number of Ternary Conditionals:0 Number of Methods:1 Number of Functions:0 Number of Non Getter Functions:0 Number of Getters and Setters:0 Number of Non Public Methods:0 Public Methods Fraction:1.0 Protected Methods Fraction:0.0 Package Access Methods Fraction:0.0 Private  Methods Fraction:0.0 Average Method Access:0.0 Number of Variables:0 Public Variables Fraction:NaN Protected Variables Fraction:NaN Package Access Variables Fraction:NaN Private  Variable Fraction:NaN Average Variable Access:NaN Number of Properties:0 Public Properties Fraction:NaN Protected Properties Fraction:NaN Package Access Properties Fraction:NaN Private  Properties Fraction:NaN Editable Properties Fraction:NaN ReadOnly Access Properties Fraction:NaN WriteOnly  Properties Fraction:NaN Average Properties Access:NaN Average Local References per Constant:-1.0 Average Local References per Variable:-1.0 Average Local Assignments per Variable:-1.0 [STBuilder]¶[INFO] /Users/christiannell/eclipse-workspace/533/./src/a0/Hello.java:3: Class/Interface matching tag @GreetingMain defined [ClassDefined]¶[INFO] /Users/christiannell/eclipse-workspace/533/./src/a0/Hello.java:3: Inner types defined: []  [STBuilder]¶[INFO] /Users/christiannell/eclipse-workspace/533/./src/a0/Hello.java:3: Interfaces defined: []  [STBuilder]¶[INFO] /Users/christiannell/eclipse-workspace/533/./src/a0/Hello.java:3: Methods defined: NonGetterFunctions:[]NonSetterProcedures:[static public  main:String[]->void]Getters:[]Setters:[]  [STBuilder]¶[INFO] /Users/christiannell/eclipse-workspace/533/./src/a0/Hello.java:3: Properties defined: Properties:[]  [STBuilder]¶[INFO] /Users/christiannell/eclipse-workspace/533/./src/a0/Hello.java:3: Super types: None [STBuilder]¶[INFO] /Users/christiannell/eclipse-workspace/533/./src/a0/Hello.java:3: Tags defined: None  [STBuilder]¶[INFO] /Users/christiannell/eclipse-workspace/533/./src/a0/Hello.java:3: Variables defined: {10}  [STBuilder]¶[INFO] /Users/christiannell/eclipse-workspace/533/./src/a0/Hello.java:4:33: Final parameter args defined. Good! [FinalParameterDefined]¶[INFO] /Users/christiannell/eclipse-workspace/533/./src/a0/Greeting.java:1: All public methods override. Good!  [PublicMethodsOverride]¶[WARN] /Users/christiannell/eclipse-workspace/533/./src/a0/Greeting.java:6:8: Unused import - util.trace.Tracer. [UnusedImports]¶[INFO] /Users/christiannell/eclipse-workspace/533/./src/a0/Greeting.java:8: Access modifiers used: Access Modifiers Used: []  [STBuilder]¶[INFO] /Users/christiannell/eclipse-workspace/533/./src/a0/Greeting.java:8: Aggregate statistics:  Is Abstract:false Number of Abstract Methods:0 Is Generic:false Number of Generic Methods:0 Number of Asserts:0 Number of Ternary Conditionals:0 Number of Methods:2 Number of Functions:1 Number of Non Getter Functions:0 Number of Getters and Setters:1 Number of Non Public Methods:0 Public Methods Fraction:1.0 Protected Methods Fraction:0.0 Package Access Methods Fraction:0.0 Private  Methods Fraction:0.0 Average Method Access:0.0 Number of Variables:0 Public Variables Fraction:NaN Protected Variables Fraction:NaN Package Access Variables Fraction:NaN Private  Variable Fraction:NaN Average Variable Access:NaN Number of Properties:1 Public Properties Fraction:1.0 Protected Properties Fraction:0.0 Package Access Properties Fraction:0.0 Private  Properties Fraction:0.0 Editable Properties Fraction:0.0 ReadOnly Access Properties Fraction:1.0 WriteOnly  Properties Fraction:0.0 Average Properties Access:0.0 Average Local References per Constant:-1.0 Average Local References per Variable:-1.0 Average Local Assignments per Variable:-1.0 [STBuilder]¶[INFO] /Users/christiannell/eclipse-workspace/533/./src/a0/Greeting.java:8: Class/Interface matching tag No Expected Tag defined [ClassDefined]¶[INFO] /Users/christiannell/eclipse-workspace/533/./src/a0/Greeting.java:8: Inner types defined: []  [STBuilder]¶[INFO] /Users/christiannell/eclipse-workspace/533/./src/a0/Greeting.java:8: Interfaces defined: []  [STBuilder]¶[INFO] /Users/christiannell/eclipse-workspace/533/./src/a0/Greeting.java:8: Methods defined: NonGetterFunctions:[]NonSetterProcedures:[static public  main:String[]->void]Getters:[public  getGreetingMain:->Class]Setters:[]  [STBuilder]¶[INFO] /Users/christiannell/eclipse-workspace/533/./src/a0/Greeting.java:8: Properties defined: Properties:[readonly  p-v:5 access:public GreetingMain:Class(public , null)]  [STBuilder]¶[INFO] /Users/christiannell/eclipse-workspace/533/./src/a0/Greeting.java:8: Super types: None [STBuilder]¶[INFO] /Users/christiannell/eclipse-workspace/533/./src/a0/Greeting.java:8: Tags defined: None  [STBuilder]¶[INFO] /Users/christiannell/eclipse-workspace/533/./src/a0/Greeting.java:8: Variables defined: {10}  [STBuilder]¶[INFO] /Users/christiannell/eclipse-workspace/533/./src/a0/Greeting.java:10:33: Final parameter args defined. Good! [FinalParameterDefined]¶[WARN] /Users/christiannell/eclipse-workspace/533/./src/a0/Greeting.java:17: Magic number 600   [LiberalMagicNumber]¶[WARN] /Users/christiannell/eclipse-workspace/533/./src/a0/Greeting.java:19: Magic number 2000   [LiberalMagicNumber]¶[WARN] /Users/christiannell/eclipse-workspace/533/./src/a0/Greeting.java:21: Magic number 5   [LiberalMagicNumber]¶Audit done.¶"), Diff(EQUAL,"¶")]]]></diff>
  </Command>
  <Command __id="188" _type="ShellCommand" date="Fri Jan 22 17:50:48 EST 2021" starttimestamp="1611354850293" timestamp="998345" type="ECLIPSE_GAINED_FOCUS" />
  <Command __id="189" _type="RunCommand" date="Fri Jan 22 17:50:48 EST 2021" kind="HitBreakPoint" projectName="533" starttimestamp="1611354850293" timestamp="998362" type="Run" />
  <Command __id="190" _type="RunCommand" date="Fri Jan 22 17:50:48 EST 2021" kind="HitBreakPoint" projectName="533" starttimestamp="1611354850293" timestamp="998362" type="Run" />
  <Command __id="191" _type="MoveCaretCommand" caretOffset="270" date="Fri Jan 22 17:50:56 EST 2021" docOffset="413" starttimestamp="1611354850293" timestamp="1005988" />
  <Command __id="192" _type="ShellCommand" date="Fri Jan 22 17:51:00 EST 2021" starttimestamp="1611354850293" timestamp="1010541" type="ECLIPSE_LOST_FOCUS" />
  <Command __id="197" _type="EclipseCommand" commandID="" date="Fri Jan 22 17:51:15 EST 2021" starttimestamp="1611354850293" timestamp="1025033" />
  <Command __id="198" _type="EclipseCommand" commandID="" date="Fri Jan 22 17:51:15 EST 2021" starttimestamp="1611354850293" timestamp="1025035" />
  <Command __id="199" _type="ShellCommand" date="Fri Jan 22 17:51:19 EST 2021" starttimestamp="1611354850293" timestamp="1028747" type="ECLIPSE_GAINED_FOCUS" />
  <Command __id="200" _type="EclipseCommand" commandID="" date="Fri Jan 22 17:51:19 EST 2021" starttimestamp="1611354850293" timestamp="1028924" />
  <Command __id="201" _type="EclipseCommand" commandID="" date="Fri Jan 22 17:51:19 EST 2021" starttimestamp="1611354850293" timestamp="1028925" />
  <Command __id="202" _type="ShellCommand" date="Fri Jan 22 17:51:22 EST 2021" starttimestamp="1611354850293" timestamp="1032009" type="ECLIPSE_LOST_FOCUS" />
  <Command __id="203" _type="ShellCommand" date="Fri Jan 22 17:51:24 EST 2021" starttimestamp="1611354850293" timestamp="1034063" type="ECLIPSE_GAINED_FOCUS" />
  <Command __id="204" _type="ShellCommand" date="Fri Jan 22 17:51:25 EST 2021" starttimestamp="1611354850293" timestamp="1034794" type="ECLIPSE_LOST_FOCUS" />
  <Command __id="205" _type="ShellCommand" date="Fri Jan 22 17:51:25 EST 2021" starttimestamp="1611354850293" timestamp="1035331" type="ECLIPSE_GAINED_FOCUS" />
  <Command __id="139" _type="DiffBasedFileOpenCommand" date="Fri Jan 22 17:47:39 EST 2021" docASTNodeCount="101" docActiveCodeLength="744" docExpressionCount="70" docLength="1136" projectName="533" starttimestamp="1611354850293" timestamp="809633">
    <filePath><![CDATA[/Users/christiannell/eclipse-workspace/533/src/a0/Greeting.java]]></filePath>
    <diff><![CDATA[null]]></diff>
    <snapshot><![CDATA[package a0;

import grader.basics.execution.BasicProjectExecution;
import gradingTools.comp533s21.assignment0.S21Assignment0Suite;
import trace.grader.basics.GraderBasicsTraceUtility;
import util.trace.Tracer;

public class Greeting implements gradingTools.shared.testcases.greeting.GreetingClassRegistry {
	
	public static void main(String[] args) {
		// if you set this to false, grader steps will not be traced
		GraderBasicsTraceUtility.setTracerShowInfo(true);	
		// if you set this to false, all grader steps will be traced,
		// not just the ones that failed		
		GraderBasicsTraceUtility.setBufferTracedMessages(true);
		// Change this number if a test trace gets longer than 600 and is clipped
		GraderBasicsTraceUtility.setMaxPrintedTraces(600);
		// Change this number if all traces together are longer than 2000
		GraderBasicsTraceUtility.setMaxTraces(2000);
		// Change this number if your process times out prematurely
		BasicProjectExecution. setProcessTimeOut(5);
		// You need to always call such a method
		S21Assignment0Suite.main(args);

	}
	@Override
	public Class<?> getGreetingMain() {
		return Hello.class;
	}

}
]]></snapshot>
  </Command>
  <DocumentChange __id="142" _type="Insert" date="Fri Jan 22 17:47:42 EST 2021" docASTNodeCount="102" docActiveCodeLength="750" docExpressionCount="70" docLength="1142" length="6" offset="334" repeat="6" starttimestamp="1611354850293" timestamp="812437" timestamp2="812859">
    <text><![CDATA[final ]]></text>
  </DocumentChange>
  <Command __id="208" _type="DiffBasedFileOpenCommand" date="Fri Jan 22 17:51:49 EST 2021" projectName="533" starttimestamp="1611354850293" timestamp="1059118">
    <filePath><![CDATA[/Users/christiannell/eclipse-workspace/533/Screen Shot 2021-01-22 at 5.50.47 PM.png]]></filePath>
    <diff><![CDATA[null]]></diff>
  </Command>
  <Command __id="206" _type="ShellCommand" date="Fri Jan 22 17:51:27 EST 2021" starttimestamp="1611354850293" timestamp="1037677" type="ECLIPSE_LOST_FOCUS" />
  <Command __id="207" _type="ShellCommand" date="Fri Jan 22 17:51:28 EST 2021" starttimestamp="1611354850293" timestamp="1038504" type="ECLIPSE_GAINED_FOCUS" />
  <Command __id="210" _type="MoveCaretCommand" caretOffset="270" date="Fri Jan 22 17:52:08 EST 2021" docOffset="413" starttimestamp="1611354850293" timestamp="1077804" />
  <Command __id="211" _type="InsertStringCommand" date="Fri Jan 22 17:52:23 EST 2021" starttimestamp="1611354850293" timestamp="1093552" timestamp2="1093552">
    <data><![CDATA[ ]]></data>
  </Command>
  <Command __id="212" _type="ShellCommand" date="Fri Jan 22 17:52:25 EST 2021" starttimestamp="1611354850293" timestamp="1095523" type="ECLIPSE_LOST_FOCUS" />
  <Command __id="214" _type="ShellCommand" date="Fri Jan 22 18:03:27 EST 2021" starttimestamp="1611354850293" timestamp="1757217" type="ECLIPSE_LOST_FOCUS" />
  <Command __id="215" _type="ShellCommand" date="Fri Jan 22 18:05:04 EST 2021" starttimestamp="1611354850293" timestamp="1854674" type="ECLIPSE_GAINED_FOCUS" />
  <Command __id="216" _type="ShellCommand" date="Fri Jan 22 18:05:20 EST 2021" starttimestamp="1611354850293" timestamp="1869956" type="ECLIPSE_LOST_FOCUS" />
  <Command __id="217" _type="ShellCommand" date="Fri Jan 22 18:05:24 EST 2021" starttimestamp="1611354850293" timestamp="1873814" type="ECLIPSE_GAINED_FOCUS" />
