<Events startTimestamp="1611353632555" logVersion="1.0.0.202101171653">
  <Command __id="1" _type="MoveCaretCommand" caretOffset="962" date="Fri Jan 22 17:13:52 EST 2021" docOffset="1105" starttimestamp="1611353632555" timestamp="404" />
  <Command __id="2" _type="ShellCommand" date="Fri Jan 22 17:14:06 EST 2021" starttimestamp="1611353632555" timestamp="14017" type="ECLIPSE_LOST_FOCUS" />
  <Command __id="3" _type="ShellCommand" date="Fri Jan 22 17:14:18 EST 2021" starttimestamp="1611353632555" timestamp="26128" type="ECLIPSE_GAINED_FOCUS" />
  <Command __id="5" _type="ShellCommand" date="Fri Jan 22 17:14:31 EST 2021" starttimestamp="1611353632555" timestamp="39020" type="ECLIPSE_GAINED_FOCUS" />
  <Command __id="6" _type="ShellCommand" date="Fri Jan 22 17:15:04 EST 2021" starttimestamp="1611353632555" timestamp="72139" type="ECLIPSE_LOST_FOCUS" />
  <Command __id="0" _type="DiffBasedFileOpenCommand" date="Fri Jan 22 17:13:52 EST 2021" docASTNodeCount="101" docActiveCodeLength="740" docExpressionCount="70" docLength="1132" projectName="533" starttimestamp="1611353632555" timestamp="166">
    <filePath><![CDATA[/Users/christiannell/eclipse-workspace/533/src/a0/a0test.java]]></filePath>
    <diff><![CDATA[null]]></diff>
    <snapshot><![CDATA[package a0;

import grader.basics.execution.BasicProjectExecution;
import gradingTools.comp533s21.assignment0.S21Assignment0Suite;
import trace.grader.basics.GraderBasicsTraceUtility;
import util.trace.Tracer;

public class a0test implements gradingTools.shared.testcases.greeting.GreetingClassRegistry {
	
	public static void main(String[] args) {
		// if you set this to false, grader steps will not be traced
		GraderBasicsTraceUtility.setTracerShowInfo(true);	
		// if you set this to false, all grader steps will be traced,
		// not just the ones that failed		
		GraderBasicsTraceUtility.setBufferTracedMessages(true);
		// Change this number if a test trace gets longer than 600 and is clipped
		GraderBasicsTraceUtility.setMaxPrintedTraces(600);
		// Change this number if all traces together are longer than 2000
		GraderBasicsTraceUtility.setMaxTraces(2000);
		// Change this number if your process times out prematurely
		BasicProjectExecution. setProcessTimeOut(5);
		// You need to always call such a method
		S21Assignment0Suite.main(args);

	}
	@Override
	public Class<?> getGreetingMain() {
		return cls.class;
	}

}
]]></snapshot>
  </Command>
  <Command __id="7" _type="ShellCommand" date="Fri Jan 22 17:15:05 EST 2021" starttimestamp="1611353632555" timestamp="73290" type="ECLIPSE_GAINED_FOCUS" />
  <Command __id="9" _type="MoveCaretCommand" caretOffset="0" date="Fri Jan 22 17:15:24 EST 2021" docOffset="0" starttimestamp="1611353632555" timestamp="91889" />
  <Command __id="8" _type="DiffBasedFileOpenCommand" date="Fri Jan 22 17:15:24 EST 2021" docASTNodeCount="6" docActiveCodeLength="35" docExpressionCount="2" docLength="35" projectName="533" starttimestamp="1611353632555" timestamp="91652">
    <filePath><![CDATA[/Users/christiannell/eclipse-workspace/533/src/a0/cls.java]]></filePath>
    <diff><![CDATA[null]]></diff>
    <snapshot><![CDATA[package a0;

public class cls {

}
]]></snapshot>
  </Command>
  <Command __id="10" _type="MoveCaretCommand" caretOffset="30" date="Fri Jan 22 17:15:25 EST 2021" docOffset="30" starttimestamp="1611353632555" timestamp="93216" />
  <Command __id="11" _type="DiffBasedFileOpenCommand" date="Fri Jan 22 17:15:30 EST 2021" docASTNodeCount="101" docActiveCodeLength="740" docExpressionCount="70" docLength="1132" projectName="533" starttimestamp="1611353632555" timestamp="98193">
    <filePath><![CDATA[/Users/christiannell/eclipse-workspace/533/src/a0/a0test.java]]></filePath>
    <diff><![CDATA[[Diff(EQUAL,"package a0;¶¶import grader.basics.execution.BasicProjectExecution;¶import gradingTools.comp533s21.assignment0.S21Assignment0Suite;¶import trace.grader.basics.GraderBasicsTraceUtility;¶import util.trace.Tracer;¶¶public class a0test implements gradingTools.shared.testcases.greeting.GreetingClassRegistry {¶	¶	public static void main(String[] args) {¶		// if you set this to false, grader steps will not be traced¶		GraderBasicsTraceUtility.setTracerShowInfo(true);	¶		// if you set this to false, all grader steps will be traced,¶		// not just the ones that failed		¶		GraderBasicsTraceUtility.setBufferTracedMessages(true);¶		// Change this number if a test trace gets longer than 600 and is clipped¶		GraderBasicsTraceUtility.setMaxPrintedTraces(600);¶		// Change this number if all traces together are longer than 2000¶		GraderBasicsTraceUtility.setMaxTraces(2000);¶		// Change this number if your process times out prematurely¶		BasicProjectExecution. setProcessTimeOut(5);¶		// You need to always call such a method¶		S21Assignment0Suite.main(args);¶¶	}¶	@Override¶	public Class<?> getGreetingMain() {¶		return cls.class;¶	}¶¶}¶")]]]></diff>
  </Command>
  <Command __id="12" _type="MoveCaretCommand" caretOffset="962" date="Fri Jan 22 17:15:30 EST 2021" docOffset="1105" starttimestamp="1611353632555" timestamp="98354" />
  <Command __id="14" _type="MoveCaretCommand" caretOffset="30" date="Fri Jan 22 17:15:37 EST 2021" docOffset="30" starttimestamp="1611353632555" timestamp="104757" />
  <Command __id="15" _type="MoveCaretCommand" caretOffset="27" date="Fri Jan 22 17:18:10 EST 2021" docOffset="27" starttimestamp="1611353632555" timestamp="257849" />
  <Command __id="16" _type="SelectTextCommand" caretOffset="29" date="Fri Jan 22 17:18:10 EST 2021" end="29" start="26" starttimestamp="1611353632555" timestamp="258007" />
  <Command __id="18" _type="InsertStringCommand" date="Fri Jan 22 17:18:11 EST 2021" starttimestamp="1611353632555" timestamp="258751" timestamp2="258751">
    <data><![CDATA[H]]></data>
  </Command>
  <Command __id="20" _type="InsertStringCommand" date="Fri Jan 22 17:18:11 EST 2021" starttimestamp="1611353632555" timestamp="258955" timestamp2="258955">
    <data><![CDATA[e]]></data>
  </Command>
  <Command __id="22" _type="InsertStringCommand" date="Fri Jan 22 17:18:11 EST 2021" starttimestamp="1611353632555" timestamp="259045" timestamp2="259045">
    <data><![CDATA[l]]></data>
  </Command>
  <Command __id="24" _type="InsertStringCommand" date="Fri Jan 22 17:18:11 EST 2021" starttimestamp="1611353632555" timestamp="259202" timestamp2="259202">
    <data><![CDATA[l]]></data>
  </Command>
  <Command __id="26" _type="InsertStringCommand" date="Fri Jan 22 17:18:11 EST 2021" starttimestamp="1611353632555" timestamp="259352" timestamp2="259352">
    <data><![CDATA[o]]></data>
  </Command>
  <Command __id="27" _type="ShellCommand" date="Fri Jan 22 17:18:30 EST 2021" starttimestamp="1611353632555" timestamp="277528" type="ECLIPSE_LOST_FOCUS" />
  <Command __id="28" _type="ShellCommand" date="Fri Jan 22 17:19:04 EST 2021" starttimestamp="1611353632555" timestamp="312312" type="ECLIPSE_GAINED_FOCUS" />
  <Command __id="29" _type="MoveCaretCommand" caretOffset="34" date="Fri Jan 22 17:19:04 EST 2021" docOffset="34" starttimestamp="1611353632555" timestamp="312423" />
  <Command __id="13" _type="DiffBasedFileOpenCommand" date="Fri Jan 22 17:15:37 EST 2021" docASTNodeCount="6" docActiveCodeLength="35" docExpressionCount="2" docLength="35" projectName="533" starttimestamp="1611353632555" timestamp="104644">
    <filePath><![CDATA[/Users/christiannell/eclipse-workspace/533/src/a0/cls.java]]></filePath>
    <diff><![CDATA[[Diff(EQUAL,"package a0;¶¶public class cls {¶¶}¶")]]]></diff>
  </Command>
  <DocumentChange __id="17" _type="Replace" date="Fri Jan 22 17:18:11 EST 2021" docASTNodeCount="6" docActiveCodeLength="33" docExpressionCount="2" docLength="33" endLine="2" insertionLength="1" int_docASTNodeCount="3" int_docActiveCodeLength="32" int_docExpressionCount="1" int_docLength="32" length="3" offset="26" startLine="2" starttimestamp="1611353632555" timestamp="258733">
    <deletedText><![CDATA[cls]]></deletedText>
    <insertedText><![CDATA[H]]></insertedText>
  </DocumentChange>
  <DocumentChange __id="19" _type="Insert" date="Fri Jan 22 17:18:11 EST 2021" docASTNodeCount="6" docActiveCodeLength="37" docExpressionCount="2" docLength="37" length="4" offset="27" repeat="4" starttimestamp="1611353632555" timestamp="258954" timestamp2="259351">
    <text><![CDATA[ello]]></text>
  </DocumentChange>
  <Command __id="30" _type="InsertStringCommand" date="Fri Jan 22 17:19:18 EST 2021" starttimestamp="1611353632555" timestamp="325636" timestamp2="325636">
    <data><![CDATA[r]]></data>
  </Command>
  <DocumentChange __id="31" _type="Insert" date="Fri Jan 22 17:19:20 EST 2021" docASTNodeCount="6" docActiveCodeLength="39" docExpressionCount="2" docLength="39" length="2" offset="34" repeat="2" starttimestamp="1611353632555" timestamp="327954" timestamp2="329147">
    <text><![CDATA[‰r]]></text>
  </DocumentChange>
  <Command __id="32" _type="InsertStringCommand" date="Fri Jan 22 17:19:20 EST 2021" starttimestamp="1611353632555" timestamp="327957" timestamp2="327957">
    <data><![CDATA[‰]]></data>
  </Command>
  <Command __id="34" _type="InsertStringCommand" date="Fri Jan 22 17:19:21 EST 2021" starttimestamp="1611353632555" timestamp="329148" timestamp2="329148">
    <data><![CDATA[r]]></data>
  </Command>
  <Command __id="36" _type="EclipseCommand" commandID="eventLogger.styledTextCommand.DELETE_PREVIOUS" date="Fri Jan 22 17:19:23 EST 2021" starttimestamp="1611353632555" timestamp="330923" />
  <Command __id="38" _type="EclipseCommand" commandID="eventLogger.styledTextCommand.DELETE_PREVIOUS" date="Fri Jan 22 17:19:23 EST 2021" starttimestamp="1611353632555" timestamp="331044" />
  <Command __id="39" _type="ShellCommand" date="Fri Jan 22 17:19:27 EST 2021" starttimestamp="1611353632555" timestamp="334696" type="ECLIPSE_LOST_FOCUS" />
  <Command __id="40" _type="ShellCommand" date="Fri Jan 22 17:19:28 EST 2021" starttimestamp="1611353632555" timestamp="336176" type="ECLIPSE_GAINED_FOCUS" />
  <Command __id="41" _type="EclipseCommand" commandID="org.eclipse.ui.navigate.openResource" date="Fri Jan 22 17:19:28 EST 2021" starttimestamp="1611353632555" timestamp="336223" />
  <DocumentChange __id="35" _type="Delete" date="Fri Jan 22 17:19:23 EST 2021" docASTNodeCount="6" docActiveCodeLength="37" docExpressionCount="2" docLength="37" endLine="3" length="2" offset="34" repeat="2" startLine="3" starttimestamp="1611353632555" timestamp="330911" timestamp2="331042">
    <text><![CDATA[‰r]]></text>
  </DocumentChange>
  <Command __id="42" _type="MoveCaretCommand" caretOffset="31" date="Fri Jan 22 17:19:43 EST 2021" docOffset="31" starttimestamp="1611353632555" timestamp="351121" />
  <Command __id="43" _type="DiffBasedFileOpenCommand" date="Fri Jan 22 17:19:59 EST 2021" docASTNodeCount="101" docActiveCodeLength="740" docExpressionCount="70" docLength="1132" projectName="533" starttimestamp="1611353632555" timestamp="366530">
    <filePath><![CDATA[/Users/christiannell/eclipse-workspace/533/src/a0/a0test.java]]></filePath>
    <diff><![CDATA[[Diff(EQUAL,"package a0;¶¶import grader.basics.execution.BasicProjectExecution;¶import gradingTools.comp533s21.assignment0.S21Assignment0Suite;¶import trace.grader.basics.GraderBasicsTraceUtility;¶import util.trace.Tracer;¶¶public class a0test implements gradingTools.shared.testcases.greeting.GreetingClassRegistry {¶	¶	public static void main(String[] args) {¶		// if you set this to false, grader steps will not be traced¶		GraderBasicsTraceUtility.setTracerShowInfo(true);	¶		// if you set this to false, all grader steps will be traced,¶		// not just the ones that failed		¶		GraderBasicsTraceUtility.setBufferTracedMessages(true);¶		// Change this number if a test trace gets longer than 600 and is clipped¶		GraderBasicsTraceUtility.setMaxPrintedTraces(600);¶		// Change this number if all traces together are longer than 2000¶		GraderBasicsTraceUtility.setMaxTraces(2000);¶		// Change this number if your process times out prematurely¶		BasicProjectExecution. setProcessTimeOut(5);¶		// You need to always call such a method¶		S21Assignment0Suite.main(args);¶¶	}¶	@Override¶	public Class<?> getGreetingMain() {¶		return cls.class;¶	}¶¶}¶")]]]></diff>
  </Command>
  <Command __id="44" _type="MoveCaretCommand" caretOffset="962" date="Fri Jan 22 17:19:59 EST 2021" docOffset="1105" starttimestamp="1611353632555" timestamp="366633" />
  <Command __id="46" _type="MoveCaretCommand" caretOffset="31" date="Fri Jan 22 17:20:12 EST 2021" docOffset="31" starttimestamp="1611353632555" timestamp="379485" />
  <Command __id="47" _type="ShellCommand" date="Fri Jan 22 17:20:37 EST 2021" starttimestamp="1611353632555" timestamp="404613" type="ECLIPSE_LOST_FOCUS" />
  <Command __id="48" _type="AssistCommand" assist_type="CONTENT_ASSIST" auto_activated="false" date="Fri Jan 22 17:21:24 EST 2021" start_end="END" starttimestamp="1611353632555" timestamp="452331" />
  <Command __id="49" _type="AssistCommand" assist_type="QUICK_ASSIST" auto_activated="false" date="Fri Jan 22 17:21:24 EST 2021" start_end="END" starttimestamp="1611353632555" timestamp="452332" />
  <Command __id="50" _type="ShellCommand" date="Fri Jan 22 17:21:25 EST 2021" starttimestamp="1611353632555" timestamp="452518" type="ECLIPSE_GAINED_FOCUS" />
  <Command __id="51" _type="EclipseCommand" commandID="org.eclipse.jdt.ui.edit.text.java.rename.element" date="Fri Jan 22 17:21:25 EST 2021" starttimestamp="1611353632555" timestamp="452565" />
  <Command __id="52" _type="EclipseCommand" commandID="" date="Fri Jan 22 17:21:25 EST 2021" starttimestamp="1611353632555" timestamp="452582" />
  <Command __id="53" _type="EclipseCommand" commandID="" date="Fri Jan 22 17:21:25 EST 2021" starttimestamp="1611353632555" timestamp="452753" />
  <Command __id="54" _type="EclipseCommand" commandID="" date="Fri Jan 22 17:21:25 EST 2021" starttimestamp="1611353632555" timestamp="452756" />
  <Command __id="55" _type="EclipseCommand" commandID="" date="Fri Jan 22 17:21:25 EST 2021" starttimestamp="1611353632555" timestamp="452794" />
  <Command __id="56" _type="EclipseCommand" commandID="" date="Fri Jan 22 17:21:25 EST 2021" starttimestamp="1611353632555" timestamp="452795" />
  <Command __id="57" _type="EclipseCommand" commandID="" date="Fri Jan 22 17:21:25 EST 2021" starttimestamp="1611353632555" timestamp="452988" />
  <Command __id="58" _type="EclipseCommand" commandID="" date="Fri Jan 22 17:21:25 EST 2021" starttimestamp="1611353632555" timestamp="452989" />
  <Command __id="59" _type="EclipseCommand" commandID="" date="Fri Jan 22 17:21:26 EST 2021" starttimestamp="1611353632555" timestamp="453960" />
  <Command __id="45" _type="DiffBasedFileOpenCommand" date="Fri Jan 22 17:20:11 EST 2021" docASTNodeCount="6" docActiveCodeLength="37" docExpressionCount="2" docLength="37" projectName="533" starttimestamp="1611353632555" timestamp="379398">
    <filePath><![CDATA[/Users/christiannell/eclipse-workspace/533/src/a0/cls.java]]></filePath>
    <diff><![CDATA[[Diff(EQUAL,"package a0;¶¶public class "), Diff(DELETE,"cls"), Diff(INSERT,"Hello"), Diff(EQUAL," {¶¶}¶")]]]></diff>
    <snapshot><![CDATA[package a0;

public class Hello {

}
]]></snapshot>
  </Command>
  <Command __id="60" _type="EclipseCommand" commandID="CheckstylePlugin.ApplyCheckstyleFixes" date="Fri Jan 22 17:21:33 EST 2021" starttimestamp="1611353632555" timestamp="460960" />
  <Command __id="62" _type="MoveCaretCommand" caretOffset="962" date="Fri Jan 22 17:21:36 EST 2021" docOffset="1105" starttimestamp="1611353632555" timestamp="463643" />
  <Command __id="63" _type="MoveCaretCommand" caretOffset="974" date="Fri Jan 22 17:21:38 EST 2021" docOffset="1117" starttimestamp="1611353632555" timestamp="466043" />
  <Command __id="64" _type="SelectTextCommand" caretOffset="975" date="Fri Jan 22 17:21:38 EST 2021" end="975" start="972" starttimestamp="1611353632555" timestamp="466200" />
  <Command __id="66" _type="InsertStringCommand" date="Fri Jan 22 17:21:39 EST 2021" starttimestamp="1611353632555" timestamp="466855" timestamp2="466855">
    <data><![CDATA[H]]></data>
  </Command>
  <Command __id="68" _type="InsertStringCommand" date="Fri Jan 22 17:21:39 EST 2021" starttimestamp="1611353632555" timestamp="467082" timestamp2="467082">
    <data><![CDATA[e]]></data>
  </Command>
  <Command __id="70" _type="InsertStringCommand" date="Fri Jan 22 17:21:39 EST 2021" starttimestamp="1611353632555" timestamp="467173" timestamp2="467173">
    <data><![CDATA[l]]></data>
  </Command>
  <Command __id="72" _type="InsertStringCommand" date="Fri Jan 22 17:21:39 EST 2021" starttimestamp="1611353632555" timestamp="467319" timestamp2="467319">
    <data><![CDATA[l]]></data>
  </Command>
  <Command __id="74" _type="InsertStringCommand" date="Fri Jan 22 17:21:40 EST 2021" starttimestamp="1611353632555" timestamp="467467" timestamp2="467467">
    <data><![CDATA[o]]></data>
  </Command>
  <Command __id="61" _type="DiffBasedFileOpenCommand" date="Fri Jan 22 17:21:36 EST 2021" docASTNodeCount="101" docActiveCodeLength="740" docExpressionCount="70" docLength="1132" projectName="533" starttimestamp="1611353632555" timestamp="463555">
    <filePath><![CDATA[/Users/christiannell/eclipse-workspace/533/src/a0/a0test.java]]></filePath>
    <diff><![CDATA[[Diff(EQUAL,"package a0;¶¶import grader.basics.execution.BasicProjectExecution;¶import gradingTools.comp533s21.assignment0.S21Assignment0Suite;¶import trace.grader.basics.GraderBasicsTraceUtility;¶import util.trace.Tracer;¶¶public class a0test implements gradingTools.shared.testcases.greeting.GreetingClassRegistry {¶	¶	public static void main(String[] args) {¶		// if you set this to false, grader steps will not be traced¶		GraderBasicsTraceUtility.setTracerShowInfo(true);	¶		// if you set this to false, all grader steps will be traced,¶		// not just the ones that failed		¶		GraderBasicsTraceUtility.setBufferTracedMessages(true);¶		// Change this number if a test trace gets longer than 600 and is clipped¶		GraderBasicsTraceUtility.setMaxPrintedTraces(600);¶		// Change this number if all traces together are longer than 2000¶		GraderBasicsTraceUtility.setMaxTraces(2000);¶		// Change this number if your process times out prematurely¶		BasicProjectExecution. setProcessTimeOut(5);¶		// You need to always call such a method¶		S21Assignment0Suite.main(args);¶¶	}¶	@Override¶	public Class<?> getGreetingMain() {¶		return cls.class;¶	}¶¶}¶")]]]></diff>
  </Command>
  <DocumentChange __id="65" _type="Replace" date="Fri Jan 22 17:21:39 EST 2021" docASTNodeCount="101" docActiveCodeLength="738" docExpressionCount="70" docLength="1130" endLine="27" insertionLength="1" int_docASTNodeCount="100" int_docActiveCodeLength="737" int_docExpressionCount="69" int_docLength="1129" length="3" offset="1115" startLine="27" starttimestamp="1611353632555" timestamp="466846">
    <deletedText><![CDATA[cls]]></deletedText>
    <insertedText><![CDATA[H]]></insertedText>
  </DocumentChange>
  <DocumentChange __id="67" _type="Insert" date="Fri Jan 22 17:21:39 EST 2021" docASTNodeCount="101" docActiveCodeLength="742" docExpressionCount="70" docLength="1134" length="4" offset="1116" repeat="4" starttimestamp="1611353632555" timestamp="467079" timestamp2="467463">
    <text><![CDATA[ello]]></text>
  </DocumentChange>
  <Command __id="75" _type="EclipseCommand" commandID="org.eclipse.ui.file.save" date="Fri Jan 22 17:21:41 EST 2021" starttimestamp="1611353632555" timestamp="469070" />
  <Command __id="76" _type="EclipseCommand" commandID="" date="Fri Jan 22 17:21:41 EST 2021" starttimestamp="1611353632555" timestamp="469211" />
  <Command __id="77" _type="EclipseCommand" commandID="" date="Fri Jan 22 17:21:41 EST 2021" starttimestamp="1611353632555" timestamp="469233" />
  <Command __id="79" _type="MoveCaretCommand" caretOffset="31" date="Fri Jan 22 17:21:59 EST 2021" docOffset="31" starttimestamp="1611353632555" timestamp="486732" />
  <Command __id="80" _type="EclipseCommand" commandID="AUTOGEN:::org.eclipse.jdt.internal.ui.CompilationUnitEditor.ruler.actions/org.eclipse.jdt.internal.ui.javaeditor.JavaSelectRulerAction" date="Fri Jan 22 17:22:00 EST 2021" starttimestamp="1611353632555" timestamp="488128" />
  <Command __id="81" _type="EclipseCommand" commandID="AUTOGEN:::org.eclipse.jdt.internal.ui.CompilationUnitEditor.ruler.actions/org.eclipse.jdt.internal.ui.javaeditor.JavaSelectRulerAction" date="Fri Jan 22 17:22:01 EST 2021" starttimestamp="1611353632555" timestamp="489409" />
  <Command __id="82" _type="EclipseCommand" commandID="AUTOGEN:::org.eclipse.jdt.internal.ui.CompilationUnitEditor.ruler.actions/org.eclipse.jdt.internal.ui.javaeditor.JavaSelectRulerAction" date="Fri Jan 22 17:22:03 EST 2021" starttimestamp="1611353632555" timestamp="490464" />
  <Command __id="83" _type="MoveCaretCommand" caretOffset="36" date="Fri Jan 22 17:22:03 EST 2021" docOffset="36" starttimestamp="1611353632555" timestamp="491008" />
  <Command __id="86" _type="ShellCommand" date="Fri Jan 22 17:23:02 EST 2021" starttimestamp="1611353632555" timestamp="550030" type="ECLIPSE_GAINED_FOCUS" />
  <Command __id="87" _type="MoveCaretCommand" caretOffset="37" date="Fri Jan 22 17:23:02 EST 2021" docOffset="37" starttimestamp="1611353632555" timestamp="550153" />
  <Command __id="88" _type="MoveCaretCommand" caretOffset="34" date="Fri Jan 22 17:23:13 EST 2021" docOffset="34" starttimestamp="1611353632555" timestamp="560465" />
  <Command __id="89" _type="ShellCommand" date="Fri Jan 22 17:23:20 EST 2021" starttimestamp="1611353632555" timestamp="568088" type="ECLIPSE_LOST_FOCUS" />
  <Command __id="78" _type="DiffBasedFileOpenCommand" date="Fri Jan 22 17:21:59 EST 2021" docASTNodeCount="6" docActiveCodeLength="37" docExpressionCount="2" docLength="37" projectName="533" starttimestamp="1611353632555" timestamp="486664">
    <filePath><![CDATA[/Users/christiannell/eclipse-workspace/533/src/a0/Hello.java]]></filePath>
    <diff><![CDATA[null]]></diff>
    <snapshot><![CDATA[package a0;

public class Hello {

}
]]></snapshot>
  </Command>
  <DocumentChange __id="93" _type="Insert" date="Fri Jan 22 17:23:24 EST 2021" docASTNodeCount="6" docActiveCodeLength="39" docExpressionCount="2" docLength="39" length="2" offset="33" starttimestamp="1611353632555" timestamp="571810">
    <text><![CDATA[
	]]></text>
  </DocumentChange>
  <DocumentChange __id="94" _type="Replace" date="Fri Jan 22 17:23:24 EST 2021" docASTNodeCount="17" docActiveCodeLength="87" docExpressionCount="5" docLength="87" endLine="3" insertionLength="49" int_docASTNodeCount="6" int_docActiveCodeLength="38" int_docExpressionCount="2" int_docLength="38" length="1" offset="34" startLine="3" starttimestamp="1611353632555" timestamp="572052">
    <deletedText><![CDATA[	]]></deletedText>
    <insertedText><![CDATA[	public static void main(String[] args) {
		

	}
]]></insertedText>
  </DocumentChange>
  <Command __id="90" _type="ShellCommand" date="Fri Jan 22 17:23:23 EST 2021" starttimestamp="1611353632555" timestamp="571007" type="ECLIPSE_GAINED_FOCUS" />
  <Command __id="91" _type="MoveCaretCommand" caretOffset="34" date="Fri Jan 22 17:23:23 EST 2021" docOffset="34" starttimestamp="1611353632555" timestamp="571096" />
  <Command __id="92" _type="MoveCaretCommand" caretOffset="33" date="Fri Jan 22 17:23:24 EST 2021" docOffset="33" starttimestamp="1611353632555" timestamp="571457" />
  <Command __id="95" _type="PasteCommand" date="Fri Jan 22 17:23:24 EST 2021" starttimestamp="1611353632555" timestamp="572063" />
  <Command __id="97" _type="EclipseCommand" commandID="eventLogger.styledTextCommand.DELETE_PREVIOUS" date="Fri Jan 22 17:23:25 EST 2021" starttimestamp="1611353632555" timestamp="573117" />
  <Command __id="98" _type="EclipseCommand" commandID="org.eclipse.ui.file.save" date="Fri Jan 22 17:23:25 EST 2021" starttimestamp="1611353632555" timestamp="573329" />
  <Command __id="99" _type="EclipseCommand" commandID="" date="Fri Jan 22 17:23:25 EST 2021" starttimestamp="1611353632555" timestamp="573423" />
  <Command __id="100" _type="EclipseCommand" commandID="" date="Fri Jan 22 17:23:26 EST 2021" starttimestamp="1611353632555" timestamp="573466" />
  <Command __id="101" _type="MoveCaretCommand" caretOffset="85" date="Fri Jan 22 17:23:31 EST 2021" docOffset="85" starttimestamp="1611353632555" timestamp="579266" />
  <Command __id="102" _type="AssistCommand" assist_type="QUICK_ASSIST" auto_activated="false" date="Fri Jan 22 17:23:45 EST 2021" start_end="START" starttimestamp="1611353632555" timestamp="592478" />
  <Command __id="103" _type="EclipseCommand" commandID="AUTOGEN:::org.eclipse.jdt.internal.ui.CompilationUnitEditor.ruler.actions/org.eclipse.jdt.internal.ui.javaeditor.JavaSelectRulerAction" date="Fri Jan 22 17:23:45 EST 2021" starttimestamp="1611353632555" timestamp="592562" />
  <Command __id="104" _type="EclipseCommand" commandID="AUTOGEN:::org.eclipse.jdt.internal.ui.CompilationUnitEditor.ruler.actions/org.eclipse.jdt.internal.ui.javaeditor.JavaSelectRulerAction" date="Fri Jan 22 17:23:46 EST 2021" starttimestamp="1611353632555" timestamp="593862" />
  <Command __id="105" _type="EclipseCommand" commandID="AUTOGEN:::org.eclipse.jdt.internal.ui.CompilationUnitEditor.ruler.actions/org.eclipse.jdt.internal.ui.javaeditor.JavaSelectRulerAction" date="Fri Jan 22 17:23:48 EST 2021" starttimestamp="1611353632555" timestamp="595749" />
  <Command __id="106" _type="AssistCommand" assist_type="QUICK_ASSIST" auto_activated="false" date="Fri Jan 22 17:23:49 EST 2021" start_end="END" starttimestamp="1611353632555" timestamp="596585" />
  <Command __id="107" _type="MoveCaretCommand" caretOffset="86" date="Fri Jan 22 17:23:49 EST 2021" docOffset="86" starttimestamp="1611353632555" timestamp="596683" />
  <Command __id="109" _type="ShellCommand" date="Fri Jan 22 17:24:50 EST 2021" starttimestamp="1611353632555" timestamp="657816" type="ECLIPSE_GAINED_FOCUS" />
  <Command __id="110" _type="SelectTextCommand" caretOffset="13" date="Fri Jan 22 17:24:51 EST 2021" end="85" start="13" starttimestamp="1611353632555" timestamp="658994" />
  <Command __id="112" _type="PasteCommand" date="Fri Jan 22 17:24:51 EST 2021" starttimestamp="1611353632555" timestamp="659076" />
  <Command __id="113" _type="EclipseCommand" commandID="org.eclipse.ui.file.save" date="Fri Jan 22 17:24:52 EST 2021" starttimestamp="1611353632555" timestamp="659748" />
  <Command __id="114" _type="EclipseCommand" commandID="" date="Fri Jan 22 17:24:52 EST 2021" starttimestamp="1611353632555" timestamp="659839" />
  <Command __id="115" _type="EclipseCommand" commandID="" date="Fri Jan 22 17:24:52 EST 2021" starttimestamp="1611353632555" timestamp="659851" />
  <Command __id="116" _type="EclipseCommand" commandID="CheckstylePlugin.ApplyCheckstyleFixes" date="Fri Jan 22 17:24:59 EST 2021" starttimestamp="1611353632555" timestamp="666763" />
  <DocumentChange __id="96" _type="Delete" date="Fri Jan 22 17:23:25 EST 2021" docASTNodeCount="17" docActiveCodeLength="86" docExpressionCount="5" docLength="86" endLine="7" length="1" offset="82" startLine="6" starttimestamp="1611353632555" timestamp="573110">
    <text><![CDATA[
]]></text>
  </DocumentChange>
  <DocumentChange __id="111" _type="Replace" date="Fri Jan 22 17:24:51 EST 2021" docASTNodeCount="17" docActiveCodeLength="87" docExpressionCount="5" docLength="87" endLine="8" insertionLength="73" int_docASTNodeCount="3" int_docActiveCodeLength="14" int_docExpressionCount="1" int_docLength="14" length="72" offset="13" startLine="2" starttimestamp="1611353632555" timestamp="659054">
    <deletedText><![CDATA[public class Hello {
	public static void main(String[] args) {
		

	}

}]]></deletedText>
    <insertedText><![CDATA[public class Hello {

	public static void main(String[] args) {
	

	}

}
]]></insertedText>
  </DocumentChange>
  <Command __id="117" _type="MoveCaretCommand" caretOffset="86" date="Fri Jan 22 17:25:01 EST 2021" docOffset="86" starttimestamp="1611353632555" timestamp="668715" />
  <Command __id="118" _type="DiffBasedFileOpenCommand" date="Fri Jan 22 17:25:09 EST 2021" docASTNodeCount="101" docActiveCodeLength="742" docExpressionCount="70" docLength="1134" projectName="533" starttimestamp="1611353632555" timestamp="676811">
    <filePath><![CDATA[/Users/christiannell/eclipse-workspace/533/src/a0/a0test.java]]></filePath>
    <diff><![CDATA[[Diff(EQUAL,"package a0;¶¶import grader.basics.execution.BasicProjectExecution;¶import gradingTools.comp533s21.assignment0.S21Assignment0Suite;¶import trace.grader.basics.GraderBasicsTraceUtility;¶import util.trace.Tracer;¶¶public class a0test implements gradingTools.shared.testcases.greeting.GreetingClassRegistry {¶	¶	public static void main(String[] args) {¶		// if you set this to false, grader steps will not be traced¶		GraderBasicsTraceUtility.setTracerShowInfo(true);	¶		// if you set this to false, all grader steps will be traced,¶		// not just the ones that failed		¶		GraderBasicsTraceUtility.setBufferTracedMessages(true);¶		// Change this number if a test trace gets longer than 600 and is clipped¶		GraderBasicsTraceUtility.setMaxPrintedTraces(600);¶		// Change this number if all traces together are longer than 2000¶		GraderBasicsTraceUtility.setMaxTraces(2000);¶		// Change this number if your process times out prematurely¶		BasicProjectExecution. setProcessTimeOut(5);¶		// You need to always call such a method¶		S21Assignment0Suite.main(args);¶¶	}¶	@Override¶	public Class<?> getGreetingMain() {¶		return "), Diff(DELETE,"cls"), Diff(INSERT,"Hello"), Diff(EQUAL,".class;¶	}¶¶}¶")]]]></diff>
    <snapshot><![CDATA[package a0;

import grader.basics.execution.BasicProjectExecution;
import gradingTools.comp533s21.assignment0.S21Assignment0Suite;
import trace.grader.basics.GraderBasicsTraceUtility;
import util.trace.Tracer;

public class a0test implements gradingTools.shared.testcases.greeting.GreetingClassRegistry {
	
	public static void main(String[] args) {
		// if you set this to false, grader steps will not be traced
		GraderBasicsTraceUtility.setTracerShowInfo(true);	
		// if you set this to false, all grader steps will be traced,
		// not just the ones that failed		
		GraderBasicsTraceUtility.setBufferTracedMessages(true);
		// Change this number if a test trace gets longer than 600 and is clipped
		GraderBasicsTraceUtility.setMaxPrintedTraces(600);
		// Change this number if all traces together are longer than 2000
		GraderBasicsTraceUtility.setMaxTraces(2000);
		// Change this number if your process times out prematurely
		BasicProjectExecution. setProcessTimeOut(5);
		// You need to always call such a method
		S21Assignment0Suite.main(args);

	}
	@Override
	public Class<?> getGreetingMain() {
		return Hello.class;
	}

}
]]></snapshot>
  </Command>
  <Command __id="119" _type="MoveCaretCommand" caretOffset="977" date="Fri Jan 22 17:25:09 EST 2021" docOffset="1120" starttimestamp="1611353632555" timestamp="676919" />
  <Command __id="120" _type="DiffBasedFileOpenCommand" date="Fri Jan 22 17:25:10 EST 2021" docASTNodeCount="17" docActiveCodeLength="87" docExpressionCount="5" docLength="87" projectName="533" starttimestamp="1611353632555" timestamp="678299">
    <filePath><![CDATA[/Users/christiannell/eclipse-workspace/533/src/a0/Hello.java]]></filePath>
    <diff><![CDATA[[Diff(EQUAL,"package a0;¶¶public class Hello {¶¶"), Diff(DELETE,"}"), Diff(INSERT,"	public static void main(String[] args) {¶	¶¶	}¶¶}¶"), Diff(EQUAL,"¶")]]]></diff>
    <snapshot><![CDATA[package a0;

public class Hello {

	public static void main(String[] args) {
	

	}

}

]]></snapshot>
  </Command>
  <Command __id="121" _type="MoveCaretCommand" caretOffset="86" date="Fri Jan 22 17:25:10 EST 2021" docOffset="86" starttimestamp="1611353632555" timestamp="678366" />
  <Command __id="122" _type="DiffBasedFileOpenCommand" date="Fri Jan 22 17:25:29 EST 2021" docASTNodeCount="101" docActiveCodeLength="742" docExpressionCount="70" docLength="1134" projectName="533" starttimestamp="1611353632555" timestamp="696624">
    <filePath><![CDATA[/Users/christiannell/eclipse-workspace/533/src/a0/a0test.java]]></filePath>
    <diff><![CDATA[[Diff(EQUAL,"package a0;¶¶import grader.basics.execution.BasicProjectExecution;¶import gradingTools.comp533s21.assignment0.S21Assignment0Suite;¶import trace.grader.basics.GraderBasicsTraceUtility;¶import util.trace.Tracer;¶¶public class a0test implements gradingTools.shared.testcases.greeting.GreetingClassRegistry {¶	¶	public static void main(String[] args) {¶		// if you set this to false, grader steps will not be traced¶		GraderBasicsTraceUtility.setTracerShowInfo(true);	¶		// if you set this to false, all grader steps will be traced,¶		// not just the ones that failed		¶		GraderBasicsTraceUtility.setBufferTracedMessages(true);¶		// Change this number if a test trace gets longer than 600 and is clipped¶		GraderBasicsTraceUtility.setMaxPrintedTraces(600);¶		// Change this number if all traces together are longer than 2000¶		GraderBasicsTraceUtility.setMaxTraces(2000);¶		// Change this number if your process times out prematurely¶		BasicProjectExecution. setProcessTimeOut(5);¶		// You need to always call such a method¶		S21Assignment0Suite.main(args);¶¶	}¶	@Override¶	public Class<?> getGreetingMain() {¶		return Hello.class;¶	}¶¶}¶")]]]></diff>
  </Command>
  <Command __id="123" _type="MoveCaretCommand" caretOffset="977" date="Fri Jan 22 17:25:29 EST 2021" docOffset="1120" starttimestamp="1611353632555" timestamp="696712" />
  <Command __id="125" _type="MoveCaretCommand" caretOffset="86" date="Fri Jan 22 17:26:17 EST 2021" docOffset="86" starttimestamp="1611353632555" timestamp="744639" />
  <Command __id="126" _type="ShellCommand" date="Fri Jan 22 17:26:35 EST 2021" starttimestamp="1611353632555" timestamp="762977" type="ECLIPSE_LOST_FOCUS" />
  <Command __id="127" _type="ShellCommand" date="Fri Jan 22 17:27:01 EST 2021" starttimestamp="1611353632555" timestamp="789382" type="ECLIPSE_GAINED_FOCUS" />
  <Command __id="128" _type="MoveCaretCommand" caretOffset="9" date="Fri Jan 22 17:27:02 EST 2021" docOffset="9" starttimestamp="1611353632555" timestamp="789483" />
  <Command __id="129" _type="ShellCommand" date="Fri Jan 22 17:28:32 EST 2021" starttimestamp="1611353632555" timestamp="879664" type="ECLIPSE_LOST_FOCUS" />
  <Command __id="130" _type="ShellCommand" date="Fri Jan 22 17:28:37 EST 2021" starttimestamp="1611353632555" timestamp="885329" type="ECLIPSE_GAINED_FOCUS" />
  <Command __id="131" _type="ShellCommand" date="Fri Jan 22 17:28:45 EST 2021" starttimestamp="1611353632555" timestamp="892998" type="ECLIPSE_LOST_FOCUS" />
  <Command __id="132" _type="ShellCommand" date="Fri Jan 22 17:29:02 EST 2021" starttimestamp="1611353632555" timestamp="909917" type="ECLIPSE_GAINED_FOCUS" />
  <Command __id="133" _type="ShellCommand" date="Fri Jan 22 17:29:02 EST 2021" starttimestamp="1611353632555" timestamp="910291" type="ECLIPSE_LOST_FOCUS" />
  <Command __id="134" _type="ShellCommand" date="Fri Jan 22 17:29:07 EST 2021" starttimestamp="1611353632555" timestamp="915181" type="ECLIPSE_GAINED_FOCUS" />
  <Command __id="135" _type="ShellCommand" date="Fri Jan 22 17:29:08 EST 2021" starttimestamp="1611353632555" timestamp="915617" type="ECLIPSE_LOST_FOCUS" />
  <Command __id="136" _type="ShellCommand" date="Fri Jan 22 17:29:22 EST 2021" starttimestamp="1611353632555" timestamp="929890" type="ECLIPSE_GAINED_FOCUS" />
  <Command __id="137" _type="ShellCommand" date="Fri Jan 22 17:29:52 EST 2021" starttimestamp="1611353632555" timestamp="959993" type="ECLIPSE_LOST_FOCUS" />
  <Command __id="138" _type="ShellCommand" date="Fri Jan 22 17:30:43 EST 2021" starttimestamp="1611353632555" timestamp="1011021" type="ECLIPSE_GAINED_FOCUS" />
  <Command __id="139" _type="EclipseCommand" commandID="CheckstylePlugin.ApplyCheckstyleFixes" date="Fri Jan 22 17:31:29 EST 2021" starttimestamp="1611353632555" timestamp="1056696" />
  <Command __id="141" _type="ShellCommand" date="Fri Jan 22 17:31:37 EST 2021" starttimestamp="1611353632555" timestamp="1065060" type="ECLIPSE_LOST_FOCUS" />
  <Command __id="142" _type="ShellCommand" date="Fri Jan 22 17:31:45 EST 2021" starttimestamp="1611353632555" timestamp="1072552" type="ECLIPSE_GAINED_FOCUS" />
  <Command __id="144" _type="MoveCaretCommand" caretOffset="977" date="Fri Jan 22 17:31:46 EST 2021" docOffset="1120" starttimestamp="1611353632555" timestamp="1073479" />
  <Command __id="145" _type="MoveCaretCommand" caretOffset="984" date="Fri Jan 22 17:31:54 EST 2021" docOffset="1127" starttimestamp="1611353632555" timestamp="1082369" />
  <Command __id="146" _type="ShellCommand" date="Fri Jan 22 17:31:57 EST 2021" starttimestamp="1611353632555" timestamp="1085187" type="ECLIPSE_LOST_FOCUS" />
  <Command __id="124" _type="DiffBasedFileOpenCommand" date="Fri Jan 22 17:26:17 EST 2021" docASTNodeCount="17" docActiveCodeLength="87" docExpressionCount="5" docLength="87" projectName="533" starttimestamp="1611353632555" timestamp="744573">
    <filePath><![CDATA[/Users/christiannell/eclipse-workspace/533/src/a0/Hello.java]]></filePath>
    <diff><![CDATA[[Diff(EQUAL,"package a0;¶¶public class Hello {¶¶	public static void main(String[] args) {¶	¶¶	}¶¶}¶¶")]]]></diff>
  </Command>
  <DocumentChange __id="140" _type="Delete" date="Fri Jan 22 17:31:29 EST 2021" docASTNodeCount="6" docActiveCodeLength="38" docExpressionCount="2" docLength="38" endLine="7" length="49" offset="33" startLine="2" starttimestamp="1611353632555" timestamp="1056775">
    <text><![CDATA[

	public static void main(String[] args) {
	

	}]]></text>
  </DocumentChange>
  <Command __id="143" _type="DiffBasedFileOpenCommand" date="Fri Jan 22 17:31:45 EST 2021" docASTNodeCount="101" docActiveCodeLength="742" docExpressionCount="70" docLength="1134" projectName="533" starttimestamp="1611353632555" timestamp="1073352">
    <filePath><![CDATA[/Users/christiannell/eclipse-workspace/533/src/a0/a0test.java]]></filePath>
    <diff><![CDATA[[Diff(EQUAL,"package a0;¶¶import grader.basics.execution.BasicProjectExecution;¶import gradingTools.comp533s21.assignment0.S21Assignment0Suite;¶import trace.grader.basics.GraderBasicsTraceUtility;¶import util.trace.Tracer;¶¶public class a0test implements gradingTools.shared.testcases.greeting.GreetingClassRegistry {¶	¶	public static void main(String[] args) {¶		// if you set this to false, grader steps will not be traced¶		GraderBasicsTraceUtility.setTracerShowInfo(true);	¶		// if you set this to false, all grader steps will be traced,¶		// not just the ones that failed		¶		GraderBasicsTraceUtility.setBufferTracedMessages(true);¶		// Change this number if a test trace gets longer than 600 and is clipped¶		GraderBasicsTraceUtility.setMaxPrintedTraces(600);¶		// Change this number if all traces together are longer than 2000¶		GraderBasicsTraceUtility.setMaxTraces(2000);¶		// Change this number if your process times out prematurely¶		BasicProjectExecution. setProcessTimeOut(5);¶		// You need to always call such a method¶		S21Assignment0Suite.main(args);¶¶	}¶	@Override¶	public Class<?> getGreetingMain() {¶		return Hello.class;¶	}¶¶}¶")]]]></diff>
  </Command>
  <Command __id="147" _type="ShellCommand" date="Fri Jan 22 17:32:07 EST 2021" starttimestamp="1611353632555" timestamp="1094490" type="ECLIPSE_GAINED_FOCUS" />
  <Command __id="148" _type="MoveCaretCommand" caretOffset="925" date="Fri Jan 22 17:32:07 EST 2021" docOffset="1068" starttimestamp="1611353632555" timestamp="1094575" />
  <Command __id="150" _type="MoveCaretCommand" caretOffset="9" date="Fri Jan 22 17:32:10 EST 2021" docOffset="9" starttimestamp="1611353632555" timestamp="1097604" />
  <Command __id="151" _type="EclipseCommand" commandID="CheckstylePlugin.ApplyCheckstyleFixes" date="Fri Jan 22 17:32:31 EST 2021" starttimestamp="1611353632555" timestamp="1118610" />
  <Command __id="152" _type="EclipseCommand" commandID="CheckstylePlugin.ApplyCheckstyleFixes" date="Fri Jan 22 17:32:38 EST 2021" starttimestamp="1611353632555" timestamp="1126076" />
  <Command __id="153" _type="MoveCaretCommand" caretOffset="38" date="Fri Jan 22 17:32:40 EST 2021" docOffset="38" starttimestamp="1611353632555" timestamp="1127766" />
  <Command __id="154" _type="EclipseCommand" commandID="org.eclipse.ui.file.save" date="Fri Jan 22 17:32:41 EST 2021" starttimestamp="1611353632555" timestamp="1128469" />
  <Command __id="155" _type="EclipseCommand" commandID="" date="Fri Jan 22 17:32:41 EST 2021" starttimestamp="1611353632555" timestamp="1128562" />
  <Command __id="156" _type="EclipseCommand" commandID="" date="Fri Jan 22 17:32:41 EST 2021" starttimestamp="1611353632555" timestamp="1128584" />
  <Command __id="157" _type="EclipseCommand" commandID="CheckstylePlugin.ApplyCheckstyleFixes" date="Fri Jan 22 17:32:44 EST 2021" starttimestamp="1611353632555" timestamp="1132040" />
  <Command __id="158" _type="ShellCommand" date="Fri Jan 22 17:32:46 EST 2021" starttimestamp="1611353632555" timestamp="1133892" type="ECLIPSE_LOST_FOCUS" />
  <Command __id="159" _type="ShellCommand" date="Fri Jan 22 17:32:48 EST 2021" starttimestamp="1611353632555" timestamp="1135457" type="ECLIPSE_GAINED_FOCUS" />
  <Command __id="160" _type="ShellCommand" date="Fri Jan 22 17:32:48 EST 2021" starttimestamp="1611353632555" timestamp="1135518" type="ECLIPSE_LOST_FOCUS" />
  <Command __id="161" _type="ShellCommand" date="Fri Jan 22 17:33:20 EST 2021" starttimestamp="1611353632555" timestamp="1167826" type="ECLIPSE_GAINED_FOCUS" />
  <Command __id="162" _type="ShellCommand" date="Fri Jan 22 17:33:51 EST 2021" starttimestamp="1611353632555" timestamp="1199143" type="ECLIPSE_LOST_FOCUS" />
</Events>
