Caller Type,Caller Type Words,Caller Tag,Caller Tag Words,Caller Method,Caller Method Words,Caller Super Types,Calling Super Types Words,Called  Type,Called Type Words,Called  Tagged Type,Called Tagged Type Words,Called Method,Called Method Words
a0.Greeting,greeting,Greeting,greeting,main,main,none,none,trace.grader.basics.GraderBasicsTraceUtility,grader:basics:trace:utility,trace.grader.basics.GraderBasicsTraceUtility,grader:basics:trace:utility,setTracerShowInfo,set:tracer:show:info
a0.Greeting,greeting,Greeting,greeting,main,main,none,none,trace.grader.basics.GraderBasicsTraceUtility,grader:basics:trace:utility,trace.grader.basics.GraderBasicsTraceUtility,grader:basics:trace:utility,setBufferTracedMessages,set:buffer:traced:messages
a0.Greeting,greeting,Greeting,greeting,main,main,none,none,trace.grader.basics.GraderBasicsTraceUtility,grader:basics:trace:utility,trace.grader.basics.GraderBasicsTraceUtility,grader:basics:trace:utility,setMaxPrintedTraces,set:printed:traces
a0.Greeting,greeting,Greeting,greeting,main,main,none,none,trace.grader.basics.GraderBasicsTraceUtility,grader:basics:trace:utility,trace.grader.basics.GraderBasicsTraceUtility,grader:basics:trace:utility,setMaxTraces,set:traces
a0.Greeting,greeting,Greeting,greeting,main,main,none,none,grader.basics.execution.BasicProjectExecution,basic:project:execution,grader.basics.execution.BasicProjectExecution,basic:project:execution,setProcessTimeOut,set:process:time:out
a0.Greeting,greeting,Greeting,greeting,main,main,none,none,gradingTools.comp533s21.assignment0.S21Assignment0Suite,assignment:suite,gradingTools.comp533s21.assignment0.S21Assignment0Suite,assignment:suite,main,main
a0.Hello,hello,@GreetingMain,greeting:main,main,main,none,none,java.io.PrintStream,print:stream,java.io.PrintStream,print:stream,println,none
a0.Hello,hello,@GreetingMain,greeting:main,main,main,none,none,java.io.PrintStream,print:stream,java.io.PrintStream,print:stream,println,none
