0,Fri Jan 22 17:14:47 EST 2021,true,a0/cls.java,nameNotInDictionary,a0.cls,cls
0,Fri Jan 22 17:14:47 EST 2021,true,a0/cls.java,minimumVowelInNameCheck,a0.cls,cls,1
2,Fri Jan 22 17:23:30 EST 2021,true,a0/Hello.java,variables,Variables:[]
2,Fri Jan 22 17:23:30 EST 2021,true,a0/Hello.java,accessModifiersUsed,Access Modifiers Used: []
2,Fri Jan 22 17:23:30 EST 2021,true,a0/Hello.java,methods,NonGetterFunctions:[]NonSetterProcedures:[]Getters:[]Setters:[]
2,Fri Jan 22 17:23:30 EST 2021,true,a0/Hello.java,properties,Properties:[]
2,Fri Jan 22 17:23:30 EST 2021,true,a0/Hello.java,aggregateStatistics, Is Abstract:false Number of Abstract Methods:0 Is Generic:false Number of Generic Methods:0 Number of Asserts:0 Number of Ternary Conditionals:0 Number of Methods:0 Number of Functions:0 Number of Non Getter Functions:0 Number of Getters and Setters:0 Number of Non Public Methods:0 Public Methods Fraction:NaN Protected Methods Fraction:NaN Package Access Methods Fraction:NaN Private  Methods Fraction:NaN Average Method Access:NaN Number of Variables:0 Public Variables Fraction:NaN Protected Variables Fraction:NaN Package Access Variables Fraction:NaN Private  Variable Fraction:NaN Average Variable Access:NaN Number of Properties:0 Public Properties Fraction:NaN Protected Properties Fraction:NaN Package Access Properties Fraction:NaN Private  Properties Fraction:NaN Editable Properties Fraction:NaN ReadOnly Access Properties Fraction:NaN WriteOnly  Properties Fraction:NaN Average Properties Access:NaN Average Local References per Constant:-1.0 Average Local References per Variable:-1.0 Average Local Assignments per Variable:-1.0
2,Fri Jan 22 17:23:30 EST 2021,true,a0/Hello.java,innerTypes,[]
2,Fri Jan 22 17:23:30 EST 2021,true,a0/Hello.java,superTypes,None
2,Fri Jan 22 17:23:30 EST 2021,true,a0/Hello.java,interfaces,[]
2,Fri Jan 22 17:23:30 EST 2021,true,a0/Hello.java,tags,None
3,Fri Jan 22 17:25:15 EST 2021,false,1,minimumVowelInNameCheck,a0.cls,cls,1
3,Fri Jan 22 17:25:15 EST 2021,false,a0/cls.java,nameNotInDictionary,a0.cls,cls
8,Fri Jan 22 17:31:51 EST 2021,true,a0/a0test.java,liberalMagicNumber,600,EXPR 600
8,Fri Jan 22 17:31:51 EST 2021,true,a0/a0test.java,liberalMagicNumber,2000,EXPR 2000
8,Fri Jan 22 17:31:51 EST 2021,true,a0/a0test.java,liberalMagicNumber,5,EXPR 5
8,Fri Jan 22 17:31:51 EST 2021,true,a0/a0test.java,publicMethodsOverride,[]
9,Fri Jan 22 17:40:57 EST 2021,true,a0/Hello.java,classDefined,@GreetingMain
9,Fri Jan 22 17:40:58 EST 2021,true,a0/Hello.java,expectedMethodCall,java.io.PrintStream!println:*->.*,Method:main:String[]->void,a0.Hello:[@GreetingMain]
10,Fri Jan 22 17:43:36 EST 2021,false,NonGetterFunctions:[]NonSetterProcedures:[]Getters:[]Setters:[],methods,NonGetterFunctions:[]NonSetterProcedures:[]Getters:[]Setters:[]
10,Fri Jan 22 17:43:36 EST 2021,false,[],innerTypes,[]
10,Fri Jan 22 17:43:36 EST 2021,false,[],interfaces,[]
10,Fri Jan 22 17:43:36 EST 2021,false,[],publicMethodsOverride,[]
10,Fri Jan 22 17:43:36 EST 2021,false,Access Modifiers Used: [],accessModifiersUsed,Access Modifiers Used: []
10,Fri Jan 22 17:43:36 EST 2021,false,2000,liberalMagicNumber,2000,EXPR 2000
10,Fri Jan 22 17:43:36 EST 2021,false,Properties:[],properties,Properties:[]
10,Fri Jan 22 17:43:36 EST 2021,false, Is Abstract:false Number of Abstract Methods:0 Is Generic:false Number of Generic Methods:0 Number of Asserts:0 Number of Ternary Conditionals:0 Number of Methods:0 Number of Functions:0 Number of Non Getter Functions:0 Number of Getters and Setters:0 Number of Non Public Methods:0 Public Methods Fraction:NaN Protected Methods Fraction:NaN Package Access Methods Fraction:NaN Private  Methods Fraction:NaN Average Method Access:NaN Number of Variables:0 Public Variables Fraction:NaN Protected Variables Fraction:NaN Package Access Variables Fraction:NaN Private  Variable Fraction:NaN Average Variable Access:NaN Number of Properties:0 Public Properties Fraction:NaN Protected Properties Fraction:NaN Package Access Properties Fraction:NaN Private  Properties Fraction:NaN Editable Properties Fraction:NaN ReadOnly Access Properties Fraction:NaN WriteOnly  Properties Fraction:NaN Average Properties Access:NaN Average Local References per Constant:-1.0 Average Local References per Variable:-1.0 Average Local Assignments per Variable:-1.0,aggregateStatistics, Is Abstract:false Number of Abstract Methods:0 Is Generic:false Number of Generic Methods:0 Number of Asserts:0 Number of Ternary Conditionals:0 Number of Methods:0 Number of Functions:0 Number of Non Getter Functions:0 Number of Getters and Setters:0 Number of Non Public Methods:0 Public Methods Fraction:NaN Protected Methods Fraction:NaN Package Access Methods Fraction:NaN Private  Methods Fraction:NaN Average Method Access:NaN Number of Variables:0 Public Variables Fraction:NaN Protected Variables Fraction:NaN Package Access Variables Fraction:NaN Private  Variable Fraction:NaN Average Variable Access:NaN Number of Properties:0 Public Properties Fraction:NaN Protected Properties Fraction:NaN Package Access Properties Fraction:NaN Private  Properties Fraction:NaN Editable Properties Fraction:NaN ReadOnly Access Properties Fraction:NaN WriteOnly  Properties Fraction:NaN Average Properties Access:NaN Average Local References per Constant:-1.0 Average Local References per Variable:-1.0 Average Local Assignments per Variable:-1.0
10,Fri Jan 22 17:43:36 EST 2021,false,5,liberalMagicNumber,5,EXPR 5
10,Fri Jan 22 17:43:36 EST 2021,false,600,liberalMagicNumber,600,EXPR 600
10,Fri Jan 22 17:43:36 EST 2021,false,Variables:[],variables,Variables:[]
10,Fri Jan 22 17:43:36 EST 2021,false,None,superTypes,None
10,Fri Jan 22 17:43:36 EST 2021,false,None,tags,None
10,Fri Jan 22 17:43:36 EST 2021,true,a0/a0test.java,classDefined,No Expected Tag
10,Fri Jan 22 17:43:36 EST 2021,true,a0/a0test.java,liberalMagicNumber,600,EXPR 600
10,Fri Jan 22 17:43:36 EST 2021,true,a0/a0test.java,liberalMagicNumber,2000,EXPR 2000
10,Fri Jan 22 17:43:36 EST 2021,true,a0/a0test.java,liberalMagicNumber,5,EXPR 5
10,Fri Jan 22 17:43:36 EST 2021,true,a0/a0test.java,publicMethodsOverride,[]
11,Fri Jan 22 17:47:28 EST 2021,false,a0/Hello.java,classDefined,@GreetingMain
11,Fri Jan 22 17:47:28 EST 2021,false,a0.Hello:[@GreetingMain],expectedMethodCall,java.io.PrintStream!println:*->.*,Method:main:String[]->void,a0.Hello:[@GreetingMain]
11,Fri Jan 22 17:47:28 EST 2021,true,a0/Greeting.java,classDefined,No Expected Tag
11,Fri Jan 22 17:47:28 EST 2021,true,a0/Greeting.java,liberalMagicNumber,600,EXPR 600
11,Fri Jan 22 17:47:28 EST 2021,true,a0/Greeting.java,liberalMagicNumber,2000,EXPR 2000
11,Fri Jan 22 17:47:28 EST 2021,true,a0/Greeting.java,liberalMagicNumber,5,EXPR 5
11,Fri Jan 22 17:47:28 EST 2021,true,a0/Greeting.java,peerCommonProperties,readonly  p-v:5 access:public GreetingMain:Class(public , null),Greeting,a0.a0test
11,Fri Jan 22 17:47:28 EST 2021,true,a0/Greeting.java,publicMethodsOverride,[]
11,Fri Jan 22 17:47:48 EST 2021,true,a0/Greeting.java,variables,Variables:[]
11,Fri Jan 22 17:47:48 EST 2021,true,a0/Greeting.java,accessModifiersUsed,Access Modifiers Used: []
11,Fri Jan 22 17:47:48 EST 2021,true,a0/Greeting.java,methods,NonGetterFunctions:[]NonSetterProcedures:[static public  main:String[]->void]Getters:[public  getGreetingMain:->Class]Setters:[]
11,Fri Jan 22 17:47:48 EST 2021,true,a0/Greeting.java,properties,Properties:[readonly  p-v:5 access:public GreetingMain:Class(public , null)]
11,Fri Jan 22 17:47:48 EST 2021,true,a0/Greeting.java,aggregateStatistics, Is Abstract:false Number of Abstract Methods:0 Is Generic:false Number of Generic Methods:0 Number of Asserts:0 Number of Ternary Conditionals:0 Number of Methods:2 Number of Functions:1 Number of Non Getter Functions:0 Number of Getters and Setters:1 Number of Non Public Methods:0 Public Methods Fraction:1.0 Protected Methods Fraction:0.0 Package Access Methods Fraction:0.0 Private  Methods Fraction:0.0 Average Method Access:0.0 Number of Variables:0 Public Variables Fraction:NaN Protected Variables Fraction:NaN Package Access Variables Fraction:NaN Private  Variable Fraction:NaN Average Variable Access:NaN Number of Properties:1 Public Properties Fraction:1.0 Protected Properties Fraction:0.0 Package Access Properties Fraction:0.0 Private  Properties Fraction:0.0 Editable Properties Fraction:0.0 ReadOnly Access Properties Fraction:1.0 WriteOnly  Properties Fraction:0.0 Average Properties Access:0.0 Average Local References per Constant:-1.0 Average Local References per Variable:-1.0 Average Local Assignments per Variable:-1.0
11,Fri Jan 22 17:47:48 EST 2021,true,a0/Greeting.java,innerTypes,[]
11,Fri Jan 22 17:47:48 EST 2021,true,a0/Greeting.java,superTypes,None
11,Fri Jan 22 17:47:48 EST 2021,true,a0/Greeting.java,interfaces,[]
11,Fri Jan 22 17:47:48 EST 2021,true,a0/Greeting.java,tags,None
12,Fri Jan 22 17:49:25 EST 2021,false,a0/a0test.java,liberalMagicNumber,2000,EXPR 2000
12,Fri Jan 22 17:49:25 EST 2021,false,a0/a0test.java,liberalMagicNumber,600,EXPR 600
12,Fri Jan 22 17:49:25 EST 2021,false,a0/a0test.java,liberalMagicNumber,5,EXPR 5
12,Fri Jan 22 17:49:25 EST 2021,false,a0/a0test.java,publicMethodsOverride,[]
12,Fri Jan 22 17:49:25 EST 2021,false,a0/a0test.java,classDefined,No Expected Tag
12,Fri Jan 22 17:49:25 EST 2021,true,a0/Greeting.java,classDefined,No Expected Tag
12,Fri Jan 22 17:49:25 EST 2021,true,a0/Greeting.java,liberalMagicNumber,600,EXPR 600
12,Fri Jan 22 17:49:25 EST 2021,true,a0/Greeting.java,liberalMagicNumber,2000,EXPR 2000
12,Fri Jan 22 17:49:25 EST 2021,true,a0/Greeting.java,liberalMagicNumber,5,EXPR 5
12,Fri Jan 22 17:49:25 EST 2021,true,a0/Greeting.java,peerCommonProperties,readonly  p-v:5 access:public GreetingMain:Class(public , null),Greeting,a0.a0test
12,Fri Jan 22 17:49:25 EST 2021,true,a0/Greeting.java,publicMethodsOverride,[]
12,Fri Jan 22 17:49:44 EST 2021,true,a0/Hello.java,variables,Variables:[]
12,Fri Jan 22 17:49:44 EST 2021,true,a0/Hello.java,accessModifiersUsed,Access Modifiers Used: []
12,Fri Jan 22 17:49:44 EST 2021,true,a0/Hello.java,methods,NonGetterFunctions:[]NonSetterProcedures:[static public  main:String[]->void]Getters:[]Setters:[]
12,Fri Jan 22 17:49:44 EST 2021,true,a0/Hello.java,properties,Properties:[]
12,Fri Jan 22 17:49:44 EST 2021,true,a0/Hello.java,aggregateStatistics, Is Abstract:false Number of Abstract Methods:0 Is Generic:false Number of Generic Methods:0 Number of Asserts:0 Number of Ternary Conditionals:0 Number of Methods:1 Number of Functions:0 Number of Non Getter Functions:0 Number of Getters and Setters:0 Number of Non Public Methods:0 Public Methods Fraction:1.0 Protected Methods Fraction:0.0 Package Access Methods Fraction:0.0 Private  Methods Fraction:0.0 Average Method Access:0.0 Number of Variables:0 Public Variables Fraction:NaN Protected Variables Fraction:NaN Package Access Variables Fraction:NaN Private  Variable Fraction:NaN Average Variable Access:NaN Number of Properties:0 Public Properties Fraction:NaN Protected Properties Fraction:NaN Package Access Properties Fraction:NaN Private  Properties Fraction:NaN Editable Properties Fraction:NaN ReadOnly Access Properties Fraction:NaN WriteOnly  Properties Fraction:NaN Average Properties Access:NaN Average Local References per Constant:-1.0 Average Local References per Variable:-1.0 Average Local Assignments per Variable:-1.0
12,Fri Jan 22 17:49:44 EST 2021,true,a0/Hello.java,innerTypes,[]
12,Fri Jan 22 17:49:44 EST 2021,true,a0/Hello.java,superTypes,None
12,Fri Jan 22 17:49:44 EST 2021,true,a0/Hello.java,interfaces,[]
12,Fri Jan 22 17:49:44 EST 2021,true,a0/Hello.java,tags,None
12,Fri Jan 22 17:49:44 EST 2021,true,a0/Hello.java,classDefined,@GreetingMain
12,Fri Jan 22 17:49:44 EST 2021,true,a0/Hello.java,expectedMethodCall,java.io.PrintStream!println:*->.*,Method:main:String[]->void,a0.Hello:[@GreetingMain]
12,Fri Jan 22 17:49:44 EST 2021,true,a0/Greeting.java,variables,Variables:[]
12,Fri Jan 22 17:49:44 EST 2021,true,a0/Greeting.java,accessModifiersUsed,Access Modifiers Used: []
12,Fri Jan 22 17:49:44 EST 2021,true,a0/Greeting.java,methods,NonGetterFunctions:[]NonSetterProcedures:[static public  main:String[]->void]Getters:[public  getGreetingMain:->Class]Setters:[]
12,Fri Jan 22 17:49:44 EST 2021,true,a0/Greeting.java,properties,Properties:[readonly  p-v:5 access:public GreetingMain:Class(public , null)]
12,Fri Jan 22 17:49:44 EST 2021,true,a0/Greeting.java,aggregateStatistics, Is Abstract:false Number of Abstract Methods:0 Is Generic:false Number of Generic Methods:0 Number of Asserts:0 Number of Ternary Conditionals:0 Number of Methods:2 Number of Functions:1 Number of Non Getter Functions:0 Number of Getters and Setters:1 Number of Non Public Methods:0 Public Methods Fraction:1.0 Protected Methods Fraction:0.0 Package Access Methods Fraction:0.0 Private  Methods Fraction:0.0 Average Method Access:0.0 Number of Variables:0 Public Variables Fraction:NaN Protected Variables Fraction:NaN Package Access Variables Fraction:NaN Private  Variable Fraction:NaN Average Variable Access:NaN Number of Properties:1 Public Properties Fraction:1.0 Protected Properties Fraction:0.0 Package Access Properties Fraction:0.0 Private  Properties Fraction:0.0 Editable Properties Fraction:0.0 ReadOnly Access Properties Fraction:1.0 WriteOnly  Properties Fraction:0.0 Average Properties Access:0.0 Average Local References per Constant:-1.0 Average Local References per Variable:-1.0 Average Local Assignments per Variable:-1.0
12,Fri Jan 22 17:49:44 EST 2021,true,a0/Greeting.java,innerTypes,[]
12,Fri Jan 22 17:49:44 EST 2021,true,a0/Greeting.java,superTypes,None
12,Fri Jan 22 17:49:44 EST 2021,true,a0/Greeting.java,interfaces,[]
12,Fri Jan 22 17:49:44 EST 2021,true,a0/Greeting.java,tags,None
12,Fri Jan 22 17:49:44 EST 2021,true,a0/Greeting.java,classDefined,No Expected Tag
12,Fri Jan 22 17:49:44 EST 2021,true,a0/Greeting.java,liberalMagicNumber,600,EXPR 600
12,Fri Jan 22 17:49:44 EST 2021,true,a0/Greeting.java,liberalMagicNumber,2000,EXPR 2000
12,Fri Jan 22 17:49:44 EST 2021,true,a0/Greeting.java,liberalMagicNumber,5,EXPR 5
12,Fri Jan 22 17:49:44 EST 2021,true,a0/Greeting.java,publicMethodsOverride,[]
12,Fri Jan 22 17:50:31 EST 2021,true,a0/Hello.java,variables,Variables:[]
12,Fri Jan 22 17:50:31 EST 2021,true,a0/Hello.java,accessModifiersUsed,Access Modifiers Used: []
12,Fri Jan 22 17:50:31 EST 2021,true,a0/Hello.java,methods,NonGetterFunctions:[]NonSetterProcedures:[static public  main:String[]->void]Getters:[]Setters:[]
12,Fri Jan 22 17:50:31 EST 2021,true,a0/Hello.java,properties,Properties:[]
12,Fri Jan 22 17:50:31 EST 2021,true,a0/Hello.java,aggregateStatistics, Is Abstract:false Number of Abstract Methods:0 Is Generic:false Number of Generic Methods:0 Number of Asserts:0 Number of Ternary Conditionals:0 Number of Methods:1 Number of Functions:0 Number of Non Getter Functions:0 Number of Getters and Setters:0 Number of Non Public Methods:0 Public Methods Fraction:1.0 Protected Methods Fraction:0.0 Package Access Methods Fraction:0.0 Private  Methods Fraction:0.0 Average Method Access:0.0 Number of Variables:0 Public Variables Fraction:NaN Protected Variables Fraction:NaN Package Access Variables Fraction:NaN Private  Variable Fraction:NaN Average Variable Access:NaN Number of Properties:0 Public Properties Fraction:NaN Protected Properties Fraction:NaN Package Access Properties Fraction:NaN Private  Properties Fraction:NaN Editable Properties Fraction:NaN ReadOnly Access Properties Fraction:NaN WriteOnly  Properties Fraction:NaN Average Properties Access:NaN Average Local References per Constant:-1.0 Average Local References per Variable:-1.0 Average Local Assignments per Variable:-1.0
12,Fri Jan 22 17:50:31 EST 2021,true,a0/Hello.java,innerTypes,[]
12,Fri Jan 22 17:50:31 EST 2021,true,a0/Hello.java,superTypes,None
12,Fri Jan 22 17:50:31 EST 2021,true,a0/Hello.java,interfaces,[]
12,Fri Jan 22 17:50:31 EST 2021,true,a0/Hello.java,tags,None
12,Fri Jan 22 17:50:31 EST 2021,true,a0/Hello.java,classDefined,@GreetingMain
12,Fri Jan 22 17:50:31 EST 2021,true,a0/Hello.java,expectedMethodCall,java.io.PrintStream!println:*->.*,Method:main:String[]->void,a0.Hello:[@GreetingMain]
12,Fri Jan 22 17:50:31 EST 2021,true,a0/Greeting.java,variables,Variables:[]
12,Fri Jan 22 17:50:31 EST 2021,true,a0/Greeting.java,accessModifiersUsed,Access Modifiers Used: []
12,Fri Jan 22 17:50:31 EST 2021,true,a0/Greeting.java,methods,NonGetterFunctions:[]NonSetterProcedures:[static public  main:String[]->void]Getters:[public  getGreetingMain:->Class]Setters:[]
12,Fri Jan 22 17:50:31 EST 2021,true,a0/Greeting.java,properties,Properties:[readonly  p-v:5 access:public GreetingMain:Class(public , null)]
12,Fri Jan 22 17:50:31 EST 2021,true,a0/Greeting.java,aggregateStatistics, Is Abstract:false Number of Abstract Methods:0 Is Generic:false Number of Generic Methods:0 Number of Asserts:0 Number of Ternary Conditionals:0 Number of Methods:2 Number of Functions:1 Number of Non Getter Functions:0 Number of Getters and Setters:1 Number of Non Public Methods:0 Public Methods Fraction:1.0 Protected Methods Fraction:0.0 Package Access Methods Fraction:0.0 Private  Methods Fraction:0.0 Average Method Access:0.0 Number of Variables:0 Public Variables Fraction:NaN Protected Variables Fraction:NaN Package Access Variables Fraction:NaN Private  Variable Fraction:NaN Average Variable Access:NaN Number of Properties:1 Public Properties Fraction:1.0 Protected Properties Fraction:0.0 Package Access Properties Fraction:0.0 Private  Properties Fraction:0.0 Editable Properties Fraction:0.0 ReadOnly Access Properties Fraction:1.0 WriteOnly  Properties Fraction:0.0 Average Properties Access:0.0 Average Local References per Constant:-1.0 Average Local References per Variable:-1.0 Average Local Assignments per Variable:-1.0
12,Fri Jan 22 17:50:31 EST 2021,true,a0/Greeting.java,innerTypes,[]
12,Fri Jan 22 17:50:31 EST 2021,true,a0/Greeting.java,superTypes,None
12,Fri Jan 22 17:50:31 EST 2021,true,a0/Greeting.java,interfaces,[]
12,Fri Jan 22 17:50:31 EST 2021,true,a0/Greeting.java,tags,None
12,Fri Jan 22 17:50:31 EST 2021,true,a0/Greeting.java,classDefined,No Expected Tag
12,Fri Jan 22 17:50:31 EST 2021,true,a0/Greeting.java,liberalMagicNumber,600,EXPR 600
12,Fri Jan 22 17:50:31 EST 2021,true,a0/Greeting.java,liberalMagicNumber,2000,EXPR 2000
12,Fri Jan 22 17:50:31 EST 2021,true,a0/Greeting.java,liberalMagicNumber,5,EXPR 5
12,Fri Jan 22 17:50:31 EST 2021,true,a0/Greeting.java,publicMethodsOverride,[]
