#,Time,%Passes,Change,Test,Pass,Partial,Fail,Untested
0,Fri Jan 22 16:48:43 EST 2021,25,25,GreetingMainProvided,GreetingClassRegistryProvided+ , ,GreetingMainProvided+ ,GreetingCheckstyle GreetingRun ,
1,Fri Jan 22 16:48:45 EST 2021,25,0,GreetingMainProvided,GreetingClassRegistryProvided , ,GreetingMainProvided ,GreetingCheckstyle GreetingRun ,
2,Fri Jan 22 16:48:53 EST 2021,25,0,GreetingMainProvided,GreetingClassRegistryProvided , ,GreetingMainProvided ,GreetingCheckstyle GreetingRun ,
3,Fri Jan 22 16:48:54 EST 2021,25,0,GreetingMainProvided,GreetingClassRegistryProvided , ,GreetingMainProvided ,GreetingCheckstyle GreetingRun ,
4,Fri Jan 22 16:48:55 EST 2021,25,0,GreetingMainProvided,GreetingClassRegistryProvided , ,GreetingMainProvided ,GreetingCheckstyle GreetingRun ,
5,Fri Jan 22 16:49:20 EST 2021,25,0,GreetingCheckstyle,GreetingClassRegistryProvided , ,GreetingCheckstyle+ GreetingMainProvided ,GreetingRun ,
6,Fri Jan 22 16:49:21 EST 2021,25,0,GreetingCheckstyle,GreetingClassRegistryProvided , ,GreetingCheckstyle GreetingMainProvided ,GreetingRun ,
7,Fri Jan 22 16:49:31 EST 2021,25,0,S21Assignment0Suite,GreetingClassRegistryProvided , ,GreetingCheckstyle GreetingMainProvided GreetingRun+ , ,
8,Fri Jan 22 16:54:43 EST 2021,50,25,S21Assignment0Suite,GreetingClassRegistryProvided GreetingMainProvided+ , ,GreetingCheckstyle GreetingRun , ,
9,Fri Jan 22 17:35:55 EST 2021,75,25,S21Assignment0Suite,GreetingClassRegistryProvided GreetingMainProvided GreetingRun+ , ,GreetingCheckstyle , ,
10,Fri Jan 22 17:43:20 EST 2021,75,0,S21Assignment0Suite,GreetingClassRegistryProvided GreetingMainProvided GreetingRun , ,GreetingCheckstyle , ,
11,Fri Jan 22 17:45:06 EST 2021,75,0,GreetingCheckstyle,GreetingClassRegistryProvided GreetingMainProvided GreetingRun , ,GreetingCheckstyle , ,
12,Fri Jan 22 17:49:44 EST 2021,100,25,S21Assignment0Suite,GreetingCheckstyle+ GreetingClassRegistryProvided GreetingMainProvided GreetingRun , , , ,
13,Fri Jan 22 17:50:31 EST 2021,100,0,S21Assignment0Suite,GreetingCheckstyle GreetingClassRegistryProvided GreetingMainProvided GreetingRun , , , ,
