#,Time,%Passes,Change,Test,Pass,Partial,Fail,Untested,SessionNumber,SessionRunNumber,IsSuite,SuiteTests,PrerequisiteTests,ExtraCreditTests,
0,Fri Jan 22 16:48:43 EST 2021,25,25,GreetingMainProvided,GreetingClassRegistryProvided+ , ,GreetingMainProvided+ ,GreetingCheckstyle GreetingRun ,0,0,false,,GreetingClassRegistryProvided ,,
1,Fri Jan 22 16:48:45 EST 2021,25,0,GreetingMainProvided,GreetingClassRegistryProvided , ,GreetingMainProvided ,GreetingCheckstyle GreetingRun ,0,1,false,,,,
2,Fri Jan 22 16:48:53 EST 2021,25,0,GreetingMainProvided,GreetingClassRegistryProvided , ,GreetingMainProvided ,GreetingCheckstyle GreetingRun ,0,2,false,,,,
3,Fri Jan 22 16:48:54 EST 2021,25,0,GreetingMainProvided,GreetingClassRegistryProvided , ,GreetingMainProvided ,GreetingCheckstyle GreetingRun ,0,3,false,,,,
4,Fri Jan 22 16:48:55 EST 2021,25,0,GreetingMainProvided,GreetingClassRegistryProvided , ,GreetingMainProvided ,GreetingCheckstyle GreetingRun ,0,4,false,,,,
5,Fri Jan 22 16:49:20 EST 2021,25,0,GreetingCheckstyle,GreetingClassRegistryProvided , ,GreetingCheckstyle+ GreetingMainProvided ,GreetingRun ,0,5,false,,,,
6,Fri Jan 22 16:49:21 EST 2021,25,0,GreetingCheckstyle,GreetingClassRegistryProvided , ,GreetingCheckstyle GreetingMainProvided ,GreetingRun ,0,6,false,,,,
7,Fri Jan 22 16:49:31 EST 2021,25,0,S21Assignment0Suite,GreetingClassRegistryProvided , ,GreetingCheckstyle GreetingMainProvided GreetingRun+ , ,0,7,true,GreetingCheckstyle GreetingClassRegistryProvided GreetingMainProvided GreetingRun ,,,
8,Fri Jan 22 16:54:43 EST 2021,50,25,S21Assignment0Suite,GreetingClassRegistryProvided GreetingMainProvided+ , ,GreetingCheckstyle GreetingRun , ,1,0,true,GreetingCheckstyle GreetingClassRegistryProvided GreetingMainProvided GreetingRun ,,,
9,Fri Jan 22 17:35:55 EST 2021,75,25,S21Assignment0Suite,GreetingClassRegistryProvided GreetingMainProvided GreetingRun+ , ,GreetingCheckstyle , ,2,0,true,GreetingCheckstyle GreetingClassRegistryProvided GreetingMainProvided GreetingRun ,,,
10,Fri Jan 22 17:43:20 EST 2021,75,0,S21Assignment0Suite,GreetingClassRegistryProvided GreetingMainProvided GreetingRun , ,GreetingCheckstyle , ,3,0,true,GreetingCheckstyle GreetingClassRegistryProvided GreetingMainProvided GreetingRun ,,,
11,Fri Jan 22 17:45:06 EST 2021,75,0,GreetingCheckstyle,GreetingClassRegistryProvided GreetingMainProvided GreetingRun , ,GreetingCheckstyle , ,4,0,false,,,,
12,Fri Jan 22 17:49:44 EST 2021,100,25,S21Assignment0Suite,GreetingCheckstyle+ GreetingClassRegistryProvided GreetingMainProvided GreetingRun , , , ,5,0,true,GreetingCheckstyle GreetingClassRegistryProvided GreetingMainProvided GreetingRun ,,,
13,Fri Jan 22 17:50:31 EST 2021,100,0,S21Assignment0Suite,GreetingCheckstyle GreetingClassRegistryProvided GreetingMainProvided GreetingRun , , , ,6,0,true,GreetingCheckstyle GreetingClassRegistryProvided GreetingMainProvided GreetingRun ,,,
