Id,Prediction,Date,File,StartTime,ElapsedTime,BusyTime,Commands,editOrInsertPercentage,debugPercentage,navigationPercentage,focusPercentage,removePercentage,editPercentage,COMMAND_RATE,NAVIGATION_RATE,DEBUG_RATE,FOCUS_RATE,EDIT_RATE,REMOVE_RATE,INSERT_RATE,webLinkTimes,Web Page Visits
1,,Fri Jan 22 17:21:25 EST 2021,Hello.java,1611354085350,38213,0,(I)15,1.0,0.0,0.0,0.0,0.0,0.0,0.39473684210526316,0.0,0.0,0.0,0.0,0.0,0.39473684210526316,0.0,[]
,/modelData/A0UserStudy2010.arff,Fri Jan 22 17:21:25 EST 2021,Hello.java, 1611354085350
3,,Fri Jan 22 17:24:50 EST 2021,Hello.java,1611354290371,252475,0,(F)1(I)2(R)1(I)6(F)2(I)1(F)5,0.5,0.0,0.0,44.44444444444444,0.0,0.0,0.07142857142857142,0.0,0.0,0.031746031746031744,0.0,0.003968253968253968,0.03571428571428571,0.0,[]
4,,Fri Jan 22 17:29:07 EST 2021,Hello.java,1611354547736,218711,0,(F)7(I)2(F)1(R)1(F)1(I)3(F)1,0.3125,0.0,0.0,62.5,0.0,0.0,0.07339449541284404,0.0,0.0,0.045871559633027525,0.0,0.0045871559633027525,0.022935779816513763,0.0,[]
