comp533.controllerClass,ControllerClass
comp533.intSummingMapperClass,IntSummingMapperClass
comp533.intSummingMapperInterface,IntSummingMapperClass
comp533.keyValueClass,KeyValueClass
comp533.mapperFactory,MapperFactory
comp533.modelClass,ModelClass
comp533.reducerClass,ReducerClass
comp533.ReducerInterface,ReducerClass
comp533.reducerFactory,ReducerFactory
comp533.standAloneIntegerSummer,StandAloneIntegerSummer
comp533.MainRun,StandAloneTokenCounter
comp533.tokenCountingMapperClass,TokenCountingMapperClass
comp533.MapperInterface,TokenCountingMapperClass
comp533.viewClass,ViewClass
