Caller Type,Caller Type Words,Caller Tag,Caller Tag Words,Caller Method,Caller Method Words,Caller Super Types,Calling Super Types Words,Called  Type,Called Type Words,Called  Tagged Type,Called Tagged Type Words,Called Method,Called Method Words
comp533.tokenCountingMapperClass,token:counting:mapper:class,@TokenCountingMapperClass,token:counting:mapper:class,map,map,AMapReduceTracer:@TokenCountingMapperClass,a:map:reduce:tracer:token:counting:mapper:class,keyValueClass,key:value:class,keyValueClass,key:value:class,keyValueClass,key:value:class
comp533.tokenCountingMapperClass,token:counting:mapper:class,@TokenCountingMapperClass,token:counting:mapper:class,map,map,AMapReduceTracer:@TokenCountingMapperClass,a:map:reduce:tracer:token:counting:mapper:class,$comp533.tokenCountingMapperClass,token:counting:mapper:class,@TokenCountingMapperClass,token:counting:mapper:class,traceMap,trace:map
comp533.tokenCountingMapperClass,token:counting:mapper:class,@TokenCountingMapperClass,token:counting:mapper:class,map,map,AMapReduceTracer:@TokenCountingMapperClass,a:map:reduce:tracer:token:counting:mapper:class,$keyValueClass,value:class,keyValueClass,key:value:class,getValue,get:value
comp533.viewClass,view:class,@ViewClass,view:class,propertyChange,property:change,AMapReduceTracer:@TokenCountingMapperClass:AMapReduceTracer:PropertyChangeListener:EventListener,a:map:reduce:tracer:token:counting:mapper:class:a:map:reduce:tracer:property:change:listener:event:listener,$comp533.viewClass,view:class,@ViewClass,view:class,tracePropertyChange,trace:property:change
comp533.standAloneIntegerSummer,stand:alone:integer:summer,@StandAloneIntegerSummer,stand:alone:integer:summer,main,main,AMapReduceTracer:@TokenCountingMapperClass:AMapReduceTracer:PropertyChangeListener:EventListener,a:map:reduce:tracer:token:counting:mapper:class:a:map:reduce:tracer:property:change:listener:event:listener,modelClass,model:class,modelClass,model:class,modelClass,model:class
comp533.standAloneIntegerSummer,stand:alone:integer:summer,@StandAloneIntegerSummer,stand:alone:integer:summer,main,main,AMapReduceTracer:@TokenCountingMapperClass:AMapReduceTracer:PropertyChangeListener:EventListener,a:map:reduce:tracer:token:counting:mapper:class:a:map:reduce:tracer:property:change:listener:event:listener,viewClass,view:class,viewClass,view:class,viewClass,view:class
comp533.standAloneIntegerSummer,stand:alone:integer:summer,@StandAloneIntegerSummer,stand:alone:integer:summer,main,main,AMapReduceTracer:@TokenCountingMapperClass:AMapReduceTracer:PropertyChangeListener:EventListener,a:map:reduce:tracer:token:counting:mapper:class:a:map:reduce:tracer:property:change:listener:event:listener,$modelClass,class,modelClass,model:class,setMapper,set:mapper
comp533.standAloneIntegerSummer,stand:alone:integer:summer,@StandAloneIntegerSummer,stand:alone:integer:summer,main,main,AMapReduceTracer:@TokenCountingMapperClass:AMapReduceTracer:PropertyChangeListener:EventListener,a:map:reduce:tracer:token:counting:mapper:class:a:map:reduce:tracer:property:change:listener:event:listener,intSummingMapperClass,int:summing:mapper:class,intSummingMapperClass,int:summing:mapper:class,intSummingMapperClass,int:summing:mapper:class
comp533.standAloneIntegerSummer,stand:alone:integer:summer,@StandAloneIntegerSummer,stand:alone:integer:summer,main,main,AMapReduceTracer:@TokenCountingMapperClass:AMapReduceTracer:PropertyChangeListener:EventListener,a:map:reduce:tracer:token:counting:mapper:class:a:map:reduce:tracer:property:change:listener:event:listener,controllerClass,controller:class,controllerClass,controller:class,controllerClass,controller:class
comp533.standAloneIntegerSummer,stand:alone:integer:summer,@StandAloneIntegerSummer,stand:alone:integer:summer,main,main,AMapReduceTracer:@TokenCountingMapperClass:AMapReduceTracer:PropertyChangeListener:EventListener,a:map:reduce:tracer:token:counting:mapper:class:a:map:reduce:tracer:property:change:listener:event:listener,$controllerClass,class,controllerClass,controller:class,start,start
comp533.controllerClass,controller:class,@ControllerClass,controller:class,start,start,AMapReduceTracer:@TokenCountingMapperClass:AMapReduceTracer:PropertyChangeListener:EventListener:AMapReduceTracer,a:map:reduce:tracer:token:counting:mapper:class:a:map:reduce:tracer:property:change:listener:event:listener:a:map:reduce:tracer,java.util.Scanner,scanner,java.util.Scanner,scanner,Scanner,scanner
comp533.controllerClass,controller:class,@ControllerClass,controller:class,start,start,AMapReduceTracer:@TokenCountingMapperClass:AMapReduceTracer:PropertyChangeListener:EventListener:AMapReduceTracer,a:map:reduce:tracer:token:counting:mapper:class:a:map:reduce:tracer:property:change:listener:event:listener:a:map:reduce:tracer,$comp533.controllerClass,controller:class,@ControllerClass,controller:class,traceNumbersPrompt,trace:numbers:prompt
comp533.controllerClass,controller:class,@ControllerClass,controller:class,start,start,AMapReduceTracer:@TokenCountingMapperClass:AMapReduceTracer:PropertyChangeListener:EventListener:AMapReduceTracer,a:map:reduce:tracer:token:counting:mapper:class:a:map:reduce:tracer:property:change:listener:event:listener:a:map:reduce:tracer,java.util.Scanner,scanner,java.util.Scanner,scanner,nextLine,next:line
comp533.controllerClass,controller:class,@ControllerClass,controller:class,start,start,AMapReduceTracer:@TokenCountingMapperClass:AMapReduceTracer:PropertyChangeListener:EventListener:AMapReduceTracer,a:map:reduce:tracer:token:counting:mapper:class:a:map:reduce:tracer:property:change:listener:event:listener:a:map:reduce:tracer,String,string,java.lang.String,string,equals,equals
comp533.controllerClass,controller:class,@ControllerClass,controller:class,start,start,AMapReduceTracer:@TokenCountingMapperClass:AMapReduceTracer:PropertyChangeListener:EventListener:AMapReduceTracer,a:map:reduce:tracer:token:counting:mapper:class:a:map:reduce:tracer:property:change:listener:event:listener:a:map:reduce:tracer,$modelClass,class,modelClass,model:class,setInputString,set:input:string
comp533.controllerClass,controller:class,@ControllerClass,controller:class,start,start,AMapReduceTracer:@TokenCountingMapperClass:AMapReduceTracer:PropertyChangeListener:EventListener:AMapReduceTracer,a:map:reduce:tracer:token:counting:mapper:class:a:map:reduce:tracer:property:change:listener:event:listener:a:map:reduce:tracer,$comp533.controllerClass,controller:class,@ControllerClass,controller:class,traceQuit,trace:quit
comp533.MainRun,main:run,@StandAloneTokenCounter,stand:alone:token:counter,main,main,AMapReduceTracer:@TokenCountingMapperClass:AMapReduceTracer:PropertyChangeListener:EventListener:AMapReduceTracer,a:map:reduce:tracer:token:counting:mapper:class:a:map:reduce:tracer:property:change:listener:event:listener:a:map:reduce:tracer,modelClass,model:class,modelClass,model:class,modelClass,model:class
comp533.MainRun,main:run,@StandAloneTokenCounter,stand:alone:token:counter,main,main,AMapReduceTracer:@TokenCountingMapperClass:AMapReduceTracer:PropertyChangeListener:EventListener:AMapReduceTracer,a:map:reduce:tracer:token:counting:mapper:class:a:map:reduce:tracer:property:change:listener:event:listener:a:map:reduce:tracer,viewClass,view:class,viewClass,view:class,viewClass,view:class
comp533.MainRun,main:run,@StandAloneTokenCounter,stand:alone:token:counter,main,main,AMapReduceTracer:@TokenCountingMapperClass:AMapReduceTracer:PropertyChangeListener:EventListener:AMapReduceTracer,a:map:reduce:tracer:token:counting:mapper:class:a:map:reduce:tracer:property:change:listener:event:listener:a:map:reduce:tracer,controllerClass,controller:class,controllerClass,controller:class,controllerClass,controller:class
comp533.MainRun,main:run,@StandAloneTokenCounter,stand:alone:token:counter,main,main,AMapReduceTracer:@TokenCountingMapperClass:AMapReduceTracer:PropertyChangeListener:EventListener:AMapReduceTracer,a:map:reduce:tracer:token:counting:mapper:class:a:map:reduce:tracer:property:change:listener:event:listener:a:map:reduce:tracer,$controllerClass,class,controllerClass,controller:class,start,start
comp533.standAloneTokenCounter,stand:alone:token:counter,standAloneTokenCounter,stand:alone:token:counter,main,main,AMapReduceTracer:@TokenCountingMapperClass:AMapReduceTracer:PropertyChangeListener:EventListener:AMapReduceTracer,a:map:reduce:tracer:token:counting:mapper:class:a:map:reduce:tracer:property:change:listener:event:listener:a:map:reduce:tracer,java.io.PrintStream,print:stream,java.io.PrintStream,print:stream,println,none
comp533.standAloneTokenCounter,stand:alone:token:counter,standAloneTokenCounter,stand:alone:token:counter,processInput,process:input,AMapReduceTracer:@TokenCountingMapperClass:AMapReduceTracer:PropertyChangeListener:EventListener:AMapReduceTracer,a:map:reduce:tracer:token:counting:mapper:class:a:map:reduce:tracer:property:change:listener:event:listener:a:map:reduce:tracer,comp533.HashMap,hash:map,comp533.HashMap,hash:map,HashMap,hash:map
comp533.standAloneTokenCounter,stand:alone:token:counter,standAloneTokenCounter,stand:alone:token:counter,processInput,process:input,AMapReduceTracer:@TokenCountingMapperClass:AMapReduceTracer:PropertyChangeListener:EventListener:AMapReduceTracer,a:map:reduce:tracer:token:counting:mapper:class:a:map:reduce:tracer:property:change:listener:event:listener:a:map:reduce:tracer,java.util.Scanner,scanner,java.util.Scanner,scanner,Scanner,scanner
comp533.standAloneTokenCounter,stand:alone:token:counter,standAloneTokenCounter,stand:alone:token:counter,processInput,process:input,AMapReduceTracer:@TokenCountingMapperClass:AMapReduceTracer:PropertyChangeListener:EventListener:AMapReduceTracer,a:map:reduce:tracer:token:counting:mapper:class:a:map:reduce:tracer:property:change:listener:event:listener:a:map:reduce:tracer,java.io.PrintStream,print:stream,java.io.PrintStream,print:stream,println,none
comp533.standAloneTokenCounter,stand:alone:token:counter,standAloneTokenCounter,stand:alone:token:counter,processInput,process:input,AMapReduceTracer:@TokenCountingMapperClass:AMapReduceTracer:PropertyChangeListener:EventListener:AMapReduceTracer,a:map:reduce:tracer:token:counting:mapper:class:a:map:reduce:tracer:property:change:listener:event:listener:a:map:reduce:tracer,java.util.Scanner,scanner,java.util.Scanner,scanner,nextLine,next:line
comp533.standAloneTokenCounter,stand:alone:token:counter,standAloneTokenCounter,stand:alone:token:counter,processInput,process:input,AMapReduceTracer:@TokenCountingMapperClass:AMapReduceTracer:PropertyChangeListener:EventListener:AMapReduceTracer,a:map:reduce:tracer:token:counting:mapper:class:a:map:reduce:tracer:property:change:listener:event:listener:a:map:reduce:tracer,String,string,java.lang.String,string,split,split
comp533.standAloneTokenCounter,stand:alone:token:counter,standAloneTokenCounter,stand:alone:token:counter,processInput,process:input,AMapReduceTracer:@TokenCountingMapperClass:AMapReduceTracer:PropertyChangeListener:EventListener:AMapReduceTracer,a:map:reduce:tracer:token:counting:mapper:class:a:map:reduce:tracer:property:change:listener:event:listener:a:map:reduce:tracer,java.util.Scanner,scanner,java.util.Scanner,scanner,close,close
comp533.standAloneTokenCounter,stand:alone:token:counter,standAloneTokenCounter,stand:alone:token:counter,processInput,process:input,AMapReduceTracer:@TokenCountingMapperClass:AMapReduceTracer:PropertyChangeListener:EventListener:AMapReduceTracer,a:map:reduce:tracer:token:counting:mapper:class:a:map:reduce:tracer:property:change:listener:event:listener:a:map:reduce:tracer,String,string,java.lang.String,string,equals,equals
comp533.standAloneTokenCounter,stand:alone:token:counter,standAloneTokenCounter,stand:alone:token:counter,processInput,process:input,AMapReduceTracer:@TokenCountingMapperClass:AMapReduceTracer:PropertyChangeListener:EventListener:AMapReduceTracer,a:map:reduce:tracer:token:counting:mapper:class:a:map:reduce:tracer:property:change:listener:event:listener:a:map:reduce:tracer,java.util.Map,map,java.util.Map,map,containsKey,contains:key
comp533.standAloneTokenCounter,stand:alone:token:counter,standAloneTokenCounter,stand:alone:token:counter,processInput,process:input,AMapReduceTracer:@TokenCountingMapperClass:AMapReduceTracer:PropertyChangeListener:EventListener:AMapReduceTracer,a:map:reduce:tracer:token:counting:mapper:class:a:map:reduce:tracer:property:change:listener:event:listener:a:map:reduce:tracer,java.util.Map,map,java.util.Map,map,put,put
comp533.standAloneTokenCounter,stand:alone:token:counter,standAloneTokenCounter,stand:alone:token:counter,processInput,process:input,AMapReduceTracer:@TokenCountingMapperClass:AMapReduceTracer:PropertyChangeListener:EventListener:AMapReduceTracer,a:map:reduce:tracer:token:counting:mapper:class:a:map:reduce:tracer:property:change:listener:event:listener:a:map:reduce:tracer,java.util.Map,map,java.util.Map,map,get,get
comp533.standAloneTokenCounter,stand:alone:token:counter,standAloneTokenCounter,stand:alone:token:counter,processInput,process:input,AMapReduceTracer:@TokenCountingMapperClass:AMapReduceTracer:PropertyChangeListener:EventListener:AMapReduceTracer,a:map:reduce:tracer:token:counting:mapper:class:a:map:reduce:tracer:property:change:listener:event:listener:a:map:reduce:tracer,java.util.Map,map,java.util.Map,map,put,put
comp533.standAloneTokenCounter,stand:alone:token:counter,standAloneTokenCounter,stand:alone:token:counter,processInput,process:input,AMapReduceTracer:@TokenCountingMapperClass:AMapReduceTracer:PropertyChangeListener:EventListener:AMapReduceTracer,a:map:reduce:tracer:token:counting:mapper:class:a:map:reduce:tracer:property:change:listener:event:listener:a:map:reduce:tracer,java.util.Map,map,java.util.Map,map,entrySet,entry:set
comp533.standAloneTokenCounter,stand:alone:token:counter,standAloneTokenCounter,stand:alone:token:counter,processInput,process:input,AMapReduceTracer:@TokenCountingMapperClass:AMapReduceTracer:PropertyChangeListener:EventListener:AMapReduceTracer,a:map:reduce:tracer:token:counting:mapper:class:a:map:reduce:tracer:property:change:listener:event:listener:a:map:reduce:tracer,Map.Entry,entry,Map.Entry,entry,getKey,get:key
comp533.standAloneTokenCounter,stand:alone:token:counter,standAloneTokenCounter,stand:alone:token:counter,processInput,process:input,AMapReduceTracer:@TokenCountingMapperClass:AMapReduceTracer:PropertyChangeListener:EventListener:AMapReduceTracer,a:map:reduce:tracer:token:counting:mapper:class:a:map:reduce:tracer:property:change:listener:event:listener:a:map:reduce:tracer,Map.Entry,entry,Map.Entry,entry,getValue,get:value
comp533.standAloneTokenCounter,stand:alone:token:counter,standAloneTokenCounter,stand:alone:token:counter,processInput,process:input,AMapReduceTracer:@TokenCountingMapperClass:AMapReduceTracer:PropertyChangeListener:EventListener:AMapReduceTracer,a:map:reduce:tracer:token:counting:mapper:class:a:map:reduce:tracer:property:change:listener:event:listener:a:map:reduce:tracer,String,string,java.lang.String,string,substring,none
comp533.standAloneTokenCounter,stand:alone:token:counter,standAloneTokenCounter,stand:alone:token:counter,processInput,process:input,AMapReduceTracer:@TokenCountingMapperClass:AMapReduceTracer:PropertyChangeListener:EventListener:AMapReduceTracer,a:map:reduce:tracer:token:counting:mapper:class:a:map:reduce:tracer:property:change:listener:event:listener:a:map:reduce:tracer,String,string,java.lang.String,string,length,length
comp533.reducerClass,reducer:class,@ReducerClass,reducer:class,reduce,reduce,AMapReduceTracer:@TokenCountingMapperClass:AMapReduceTracer:PropertyChangeListener:EventListener:AMapReduceTracer:AMapReduceTracer:@ReducerClass,a:map:reduce:tracer:token:counting:mapper:class:a:map:reduce:tracer:property:change:listener:event:listener:a:map:reduce:tracer:a:map:reduce:tracer:reducer:class,java.util.HashMap,hash:map,java.util.HashMap,hash:map,HashMap,hash:map
comp533.reducerClass,reducer:class,@ReducerClass,reducer:class,reduce,reduce,AMapReduceTracer:@TokenCountingMapperClass:AMapReduceTracer:PropertyChangeListener:EventListener:AMapReduceTracer:AMapReduceTracer:@ReducerClass,a:map:reduce:tracer:token:counting:mapper:class:a:map:reduce:tracer:property:change:listener:event:listener:a:map:reduce:tracer:a:map:reduce:tracer:reducer:class,java.util.Map,map,java.util.Map,map,containsKey,contains:key
comp533.reducerClass,reducer:class,@ReducerClass,reducer:class,reduce,reduce,AMapReduceTracer:@TokenCountingMapperClass:AMapReduceTracer:PropertyChangeListener:EventListener:AMapReduceTracer:AMapReduceTracer:@ReducerClass,a:map:reduce:tracer:token:counting:mapper:class:a:map:reduce:tracer:property:change:listener:event:listener:a:map:reduce:tracer:a:map:reduce:tracer:reducer:class,$keyValueClass,value:class,keyValueClass,key:value:class,getKey,get:key
comp533.reducerClass,reducer:class,@ReducerClass,reducer:class,reduce,reduce,AMapReduceTracer:@TokenCountingMapperClass:AMapReduceTracer:PropertyChangeListener:EventListener:AMapReduceTracer:AMapReduceTracer:@ReducerClass,a:map:reduce:tracer:token:counting:mapper:class:a:map:reduce:tracer:property:change:listener:event:listener:a:map:reduce:tracer:a:map:reduce:tracer:reducer:class,java.util.Map,map,java.util.Map,map,put,put
comp533.reducerClass,reducer:class,@ReducerClass,reducer:class,reduce,reduce,AMapReduceTracer:@TokenCountingMapperClass:AMapReduceTracer:PropertyChangeListener:EventListener:AMapReduceTracer:AMapReduceTracer:@ReducerClass,a:map:reduce:tracer:token:counting:mapper:class:a:map:reduce:tracer:property:change:listener:event:listener:a:map:reduce:tracer:a:map:reduce:tracer:reducer:class,$keyValueClass,value:class,keyValueClass,key:value:class,getKey,get:key
comp533.reducerClass,reducer:class,@ReducerClass,reducer:class,reduce,reduce,AMapReduceTracer:@TokenCountingMapperClass:AMapReduceTracer:PropertyChangeListener:EventListener:AMapReduceTracer:AMapReduceTracer:@ReducerClass,a:map:reduce:tracer:token:counting:mapper:class:a:map:reduce:tracer:property:change:listener:event:listener:a:map:reduce:tracer:a:map:reduce:tracer:reducer:class,java.util.Map,map,java.util.Map,map,get,get
comp533.reducerClass,reducer:class,@ReducerClass,reducer:class,reduce,reduce,AMapReduceTracer:@TokenCountingMapperClass:AMapReduceTracer:PropertyChangeListener:EventListener:AMapReduceTracer:AMapReduceTracer:@ReducerClass,a:map:reduce:tracer:token:counting:mapper:class:a:map:reduce:tracer:property:change:listener:event:listener:a:map:reduce:tracer:a:map:reduce:tracer:reducer:class,$keyValueClass,value:class,keyValueClass,key:value:class,getKey,get:key
comp533.reducerClass,reducer:class,@ReducerClass,reducer:class,reduce,reduce,AMapReduceTracer:@TokenCountingMapperClass:AMapReduceTracer:PropertyChangeListener:EventListener:AMapReduceTracer:AMapReduceTracer:@ReducerClass,a:map:reduce:tracer:token:counting:mapper:class:a:map:reduce:tracer:property:change:listener:event:listener:a:map:reduce:tracer:a:map:reduce:tracer:reducer:class,$keyValueClass,value:class,keyValueClass,key:value:class,getValue,get:value
comp533.reducerClass,reducer:class,@ReducerClass,reducer:class,reduce,reduce,AMapReduceTracer:@TokenCountingMapperClass:AMapReduceTracer:PropertyChangeListener:EventListener:AMapReduceTracer:AMapReduceTracer:@ReducerClass,a:map:reduce:tracer:token:counting:mapper:class:a:map:reduce:tracer:property:change:listener:event:listener:a:map:reduce:tracer:a:map:reduce:tracer:reducer:class,java.util.Map,map,java.util.Map,map,put,put
comp533.reducerClass,reducer:class,@ReducerClass,reducer:class,reduce,reduce,AMapReduceTracer:@TokenCountingMapperClass:AMapReduceTracer:PropertyChangeListener:EventListener:AMapReduceTracer:AMapReduceTracer:@ReducerClass,a:map:reduce:tracer:token:counting:mapper:class:a:map:reduce:tracer:property:change:listener:event:listener:a:map:reduce:tracer:a:map:reduce:tracer:reducer:class,$keyValueClass,value:class,keyValueClass,key:value:class,getKey,get:key
comp533.reducerClass,reducer:class,@ReducerClass,reducer:class,reduce,reduce,AMapReduceTracer:@TokenCountingMapperClass:AMapReduceTracer:PropertyChangeListener:EventListener:AMapReduceTracer:AMapReduceTracer:@ReducerClass,a:map:reduce:tracer:token:counting:mapper:class:a:map:reduce:tracer:property:change:listener:event:listener:a:map:reduce:tracer:a:map:reduce:tracer:reducer:class,$keyValueClass,value:class,keyValueClass,key:value:class,getValue,get:value
comp533.reducerClass,reducer:class,@ReducerClass,reducer:class,reduce,reduce,AMapReduceTracer:@TokenCountingMapperClass:AMapReduceTracer:PropertyChangeListener:EventListener:AMapReduceTracer:AMapReduceTracer:@ReducerClass,a:map:reduce:tracer:token:counting:mapper:class:a:map:reduce:tracer:property:change:listener:event:listener:a:map:reduce:tracer:a:map:reduce:tracer:reducer:class,$comp533.reducerClass,reducer:class,@ReducerClass,reducer:class,traceReduce,trace:reduce
comp533.ReturnClasses,return:classes,ReturnClasses,return:classes,getIntSummingMapper,get:int:summing:mapper,AMapReduceTracer:@TokenCountingMapperClass:AMapReduceTracer:PropertyChangeListener:EventListener:AMapReduceTracer:AMapReduceTracer:@ReducerClass:MapReduceConfiguration,a:map:reduce:tracer:token:counting:mapper:class:a:map:reduce:tracer:property:change:listener:event:listener:a:map:reduce:tracer:a:map:reduce:tracer:reducer:class:map:reduce:configuration,intSummingMapperClass,int:summing:mapper:class,intSummingMapperClass,int:summing:mapper:class,intSummingMapperClass,int:summing:mapper:class
comp533.ReturnClasses,return:classes,ReturnClasses,return:classes,getReducer,get:reducer,AMapReduceTracer:@TokenCountingMapperClass:AMapReduceTracer:PropertyChangeListener:EventListener:AMapReduceTracer:AMapReduceTracer:@ReducerClass:MapReduceConfiguration,a:map:reduce:tracer:token:counting:mapper:class:a:map:reduce:tracer:property:change:listener:event:listener:a:map:reduce:tracer:a:map:reduce:tracer:reducer:class:map:reduce:configuration,reducerClass,reducer:class,reducerClass,reducer:class,reducerClass,reducer:class
comp533.ReturnClasses,return:classes,ReturnClasses,return:classes,getTokenCountingMapper,get:token:counting:mapper,AMapReduceTracer:@TokenCountingMapperClass:AMapReduceTracer:PropertyChangeListener:EventListener:AMapReduceTracer:AMapReduceTracer:@ReducerClass:MapReduceConfiguration,a:map:reduce:tracer:token:counting:mapper:class:a:map:reduce:tracer:property:change:listener:event:listener:a:map:reduce:tracer:a:map:reduce:tracer:reducer:class:map:reduce:configuration,tokenCountingMapperClass,token:counting:mapper:class,tokenCountingMapperClass,token:counting:mapper:class,tokenCountingMapperClass,token:counting:mapper:class
comp533.modelClass,model:class,@ModelClass,model:class,setInputString,set:input:string,AMapReduceTracer:@TokenCountingMapperClass:AMapReduceTracer:PropertyChangeListener:EventListener:AMapReduceTracer:AMapReduceTracer:@ReducerClass:MapReduceConfiguration:AMapReduceTracer,a:map:reduce:tracer:token:counting:mapper:class:a:map:reduce:tracer:property:change:listener:event:listener:a:map:reduce:tracer:a:map:reduce:tracer:reducer:class:map:reduce:configuration:a:map:reduce:tracer,java.beans.PropertyChangeSupport,property:change:support,java.beans.PropertyChangeSupport,property:change:support,firePropertyChange,fire:property:change
comp533.modelClass,model:class,@ModelClass,model:class,setInputString,set:input:string,AMapReduceTracer:@TokenCountingMapperClass:AMapReduceTracer:PropertyChangeListener:EventListener:AMapReduceTracer:AMapReduceTracer:@ReducerClass:MapReduceConfiguration:AMapReduceTracer,a:map:reduce:tracer:token:counting:mapper:class:a:map:reduce:tracer:property:change:listener:event:listener:a:map:reduce:tracer:a:map:reduce:tracer:reducer:class:map:reduce:configuration:a:map:reduce:tracer,java.beans.PropertyChangeEvent,property:change:event,java.beans.PropertyChangeEvent,property:change:event,PropertyChangeEvent,property:change:event
comp533.modelClass,model:class,@ModelClass,model:class,setInputString,set:input:string,AMapReduceTracer:@TokenCountingMapperClass:AMapReduceTracer:PropertyChangeListener:EventListener:AMapReduceTracer:AMapReduceTracer:@ReducerClass:MapReduceConfiguration:AMapReduceTracer,a:map:reduce:tracer:token:counting:mapper:class:a:map:reduce:tracer:property:change:listener:event:listener:a:map:reduce:tracer:a:map:reduce:tracer:reducer:class:map:reduce:configuration:a:map:reduce:tracer,$comp533.modelClass,model:class,@ModelClass,model:class,start,start
comp533.modelClass,model:class,@ModelClass,model:class,setResult,set:result,AMapReduceTracer:@TokenCountingMapperClass:AMapReduceTracer:PropertyChangeListener:EventListener:AMapReduceTracer:AMapReduceTracer:@ReducerClass:MapReduceConfiguration:AMapReduceTracer,a:map:reduce:tracer:token:counting:mapper:class:a:map:reduce:tracer:property:change:listener:event:listener:a:map:reduce:tracer:a:map:reduce:tracer:reducer:class:map:reduce:configuration:a:map:reduce:tracer,java.beans.PropertyChangeSupport,property:change:support,java.beans.PropertyChangeSupport,property:change:support,firePropertyChange,fire:property:change
comp533.modelClass,model:class,@ModelClass,model:class,setResult,set:result,AMapReduceTracer:@TokenCountingMapperClass:AMapReduceTracer:PropertyChangeListener:EventListener:AMapReduceTracer:AMapReduceTracer:@ReducerClass:MapReduceConfiguration:AMapReduceTracer,a:map:reduce:tracer:token:counting:mapper:class:a:map:reduce:tracer:property:change:listener:event:listener:a:map:reduce:tracer:a:map:reduce:tracer:reducer:class:map:reduce:configuration:a:map:reduce:tracer,java.beans.PropertyChangeEvent,property:change:event,java.beans.PropertyChangeEvent,property:change:event,PropertyChangeEvent,property:change:event
comp533.modelClass,model:class,@ModelClass,model:class,setMapper,set:mapper,AMapReduceTracer:@TokenCountingMapperClass:AMapReduceTracer:PropertyChangeListener:EventListener:AMapReduceTracer:AMapReduceTracer:@ReducerClass:MapReduceConfiguration:AMapReduceTracer,a:map:reduce:tracer:token:counting:mapper:class:a:map:reduce:tracer:property:change:listener:event:listener:a:map:reduce:tracer:a:map:reduce:tracer:reducer:class:map:reduce:configuration:a:map:reduce:tracer,$comp533.modelClass,model:class,@ModelClass,model:class,traceMapperChange,trace:mapper:change
comp533.modelClass,model:class,@ModelClass,model:class,start,start,AMapReduceTracer:@TokenCountingMapperClass:AMapReduceTracer:PropertyChangeListener:EventListener:AMapReduceTracer:AMapReduceTracer:@ReducerClass:MapReduceConfiguration:AMapReduceTracer,a:map:reduce:tracer:token:counting:mapper:class:a:map:reduce:tracer:property:change:listener:event:listener:a:map:reduce:tracer:a:map:reduce:tracer:reducer:class:map:reduce:configuration:a:map:reduce:tracer,String,string,java.lang.String,string,split,split
comp533.modelClass,model:class,@ModelClass,model:class,start,start,AMapReduceTracer:@TokenCountingMapperClass:AMapReduceTracer:PropertyChangeListener:EventListener:AMapReduceTracer:AMapReduceTracer:@ReducerClass:MapReduceConfiguration:AMapReduceTracer,a:map:reduce:tracer:token:counting:mapper:class:a:map:reduce:tracer:property:change:listener:event:listener:a:map:reduce:tracer:a:map:reduce:tracer:reducer:class:map:reduce:configuration:a:map:reduce:tracer,java.util.ArrayList,array:list,java.util.ArrayList,array:list,ArrayList,array:list
comp533.modelClass,model:class,@ModelClass,model:class,start,start,AMapReduceTracer:@TokenCountingMapperClass:AMapReduceTracer:PropertyChangeListener:EventListener:AMapReduceTracer:AMapReduceTracer:@ReducerClass:MapReduceConfiguration:AMapReduceTracer,a:map:reduce:tracer:token:counting:mapper:class:a:map:reduce:tracer:property:change:listener:event:listener:a:map:reduce:tracer:a:map:reduce:tracer:reducer:class:map:reduce:configuration:a:map:reduce:tracer,String,string,java.lang.String,string,equals,equals
comp533.modelClass,model:class,@ModelClass,model:class,start,start,AMapReduceTracer:@TokenCountingMapperClass:AMapReduceTracer:PropertyChangeListener:EventListener:AMapReduceTracer:AMapReduceTracer:@ReducerClass:MapReduceConfiguration:AMapReduceTracer,a:map:reduce:tracer:token:counting:mapper:class:a:map:reduce:tracer:property:change:listener:event:listener:a:map:reduce:tracer:a:map:reduce:tracer:reducer:class:map:reduce:configuration:a:map:reduce:tracer,java.util.List,list,java.util.List,list,add,add
comp533.modelClass,model:class,@ModelClass,model:class,start,start,AMapReduceTracer:@TokenCountingMapperClass:AMapReduceTracer:PropertyChangeListener:EventListener:AMapReduceTracer:AMapReduceTracer:@ReducerClass:MapReduceConfiguration:AMapReduceTracer,a:map:reduce:tracer:token:counting:mapper:class:a:map:reduce:tracer:property:change:listener:event:listener:a:map:reduce:tracer:a:map:reduce:tracer:reducer:class:map:reduce:configuration:a:map:reduce:tracer,$intSummingMapperInterface,summing:mapper:interface,intSummingMapperInterface,int:summing:mapper:interface,map,map
comp533.modelClass,model:class,@ModelClass,model:class,start,start,AMapReduceTracer:@TokenCountingMapperClass:AMapReduceTracer:PropertyChangeListener:EventListener:AMapReduceTracer:AMapReduceTracer:@ReducerClass:MapReduceConfiguration:AMapReduceTracer,a:map:reduce:tracer:token:counting:mapper:class:a:map:reduce:tracer:property:change:listener:event:listener:a:map:reduce:tracer:a:map:reduce:tracer:reducer:class:map:reduce:configuration:a:map:reduce:tracer,comp533.ReducerInterface,reducer:interface,@ReducerClass,reducer:class,reduce,reduce
comp533.modelClass,model:class,@ModelClass,model:class,start,start,AMapReduceTracer:@TokenCountingMapperClass:AMapReduceTracer:PropertyChangeListener:EventListener:AMapReduceTracer:AMapReduceTracer:@ReducerClass:MapReduceConfiguration:AMapReduceTracer,a:map:reduce:tracer:token:counting:mapper:class:a:map:reduce:tracer:property:change:listener:event:listener:a:map:reduce:tracer:a:map:reduce:tracer:reducer:class:map:reduce:configuration:a:map:reduce:tracer,$comp533.modelClass,model:class,@ModelClass,model:class,setResult,set:result
comp533.modelClass,model:class,@ModelClass,model:class,start,start,AMapReduceTracer:@TokenCountingMapperClass:AMapReduceTracer:PropertyChangeListener:EventListener:AMapReduceTracer:AMapReduceTracer:@ReducerClass:MapReduceConfiguration:AMapReduceTracer,a:map:reduce:tracer:token:counting:mapper:class:a:map:reduce:tracer:property:change:listener:event:listener:a:map:reduce:tracer:a:map:reduce:tracer:reducer:class:map:reduce:configuration:a:map:reduce:tracer,String,string,java.lang.String,string,split,split
comp533.modelClass,model:class,@ModelClass,model:class,start,start,AMapReduceTracer:@TokenCountingMapperClass:AMapReduceTracer:PropertyChangeListener:EventListener:AMapReduceTracer:AMapReduceTracer:@ReducerClass:MapReduceConfiguration:AMapReduceTracer,a:map:reduce:tracer:token:counting:mapper:class:a:map:reduce:tracer:property:change:listener:event:listener:a:map:reduce:tracer:a:map:reduce:tracer:reducer:class:map:reduce:configuration:a:map:reduce:tracer,java.util.ArrayList,array:list,java.util.ArrayList,array:list,ArrayList,array:list
comp533.modelClass,model:class,@ModelClass,model:class,start,start,AMapReduceTracer:@TokenCountingMapperClass:AMapReduceTracer:PropertyChangeListener:EventListener:AMapReduceTracer:AMapReduceTracer:@ReducerClass:MapReduceConfiguration:AMapReduceTracer,a:map:reduce:tracer:token:counting:mapper:class:a:map:reduce:tracer:property:change:listener:event:listener:a:map:reduce:tracer:a:map:reduce:tracer:reducer:class:map:reduce:configuration:a:map:reduce:tracer,String,string,java.lang.String,string,equals,equals
comp533.modelClass,model:class,@ModelClass,model:class,start,start,AMapReduceTracer:@TokenCountingMapperClass:AMapReduceTracer:PropertyChangeListener:EventListener:AMapReduceTracer:AMapReduceTracer:@ReducerClass:MapReduceConfiguration:AMapReduceTracer,a:map:reduce:tracer:token:counting:mapper:class:a:map:reduce:tracer:property:change:listener:event:listener:a:map:reduce:tracer:a:map:reduce:tracer:reducer:class:map:reduce:configuration:a:map:reduce:tracer,java.util.List,list,java.util.List,list,add,add
comp533.modelClass,model:class,@ModelClass,model:class,start,start,AMapReduceTracer:@TokenCountingMapperClass:AMapReduceTracer:PropertyChangeListener:EventListener:AMapReduceTracer:AMapReduceTracer:@ReducerClass:MapReduceConfiguration:AMapReduceTracer,a:map:reduce:tracer:token:counting:mapper:class:a:map:reduce:tracer:property:change:listener:event:listener:a:map:reduce:tracer:a:map:reduce:tracer:reducer:class:map:reduce:configuration:a:map:reduce:tracer,comp533.MapperInterface,mapper:interface,@TokenCountingMapperClass,token:counting:mapper:class,map,map
comp533.modelClass,model:class,@ModelClass,model:class,start,start,AMapReduceTracer:@TokenCountingMapperClass:AMapReduceTracer:PropertyChangeListener:EventListener:AMapReduceTracer:AMapReduceTracer:@ReducerClass:MapReduceConfiguration:AMapReduceTracer,a:map:reduce:tracer:token:counting:mapper:class:a:map:reduce:tracer:property:change:listener:event:listener:a:map:reduce:tracer:a:map:reduce:tracer:reducer:class:map:reduce:configuration:a:map:reduce:tracer,comp533.ReducerInterface,reducer:interface,@ReducerClass,reducer:class,reduce,reduce
comp533.modelClass,model:class,@ModelClass,model:class,start,start,AMapReduceTracer:@TokenCountingMapperClass:AMapReduceTracer:PropertyChangeListener:EventListener:AMapReduceTracer:AMapReduceTracer:@ReducerClass:MapReduceConfiguration:AMapReduceTracer,a:map:reduce:tracer:token:counting:mapper:class:a:map:reduce:tracer:property:change:listener:event:listener:a:map:reduce:tracer:a:map:reduce:tracer:reducer:class:map:reduce:configuration:a:map:reduce:tracer,$comp533.modelClass,model:class,@ModelClass,model:class,setResult,set:result
comp533.modelClass,model:class,@ModelClass,model:class,addPropertyChangeListener,add:property:change:listener,AMapReduceTracer:@TokenCountingMapperClass:AMapReduceTracer:PropertyChangeListener:EventListener:AMapReduceTracer:AMapReduceTracer:@ReducerClass:MapReduceConfiguration:AMapReduceTracer,a:map:reduce:tracer:token:counting:mapper:class:a:map:reduce:tracer:property:change:listener:event:listener:a:map:reduce:tracer:a:map:reduce:tracer:reducer:class:map:reduce:configuration:a:map:reduce:tracer,java.beans.PropertyChangeSupport,property:change:support,java.beans.PropertyChangeSupport,property:change:support,addPropertyChangeListener,add:property:change:listener
comp533.intSummingMapperClass,int:summing:mapper:class,@IntSummingMapperClass,int:summing:mapper:class,map,map,AMapReduceTracer:@TokenCountingMapperClass:AMapReduceTracer:PropertyChangeListener:EventListener:AMapReduceTracer:AMapReduceTracer:@ReducerClass:MapReduceConfiguration:AMapReduceTracer:AMapReduceTracer:intSummingMapperInterface,a:map:reduce:tracer:token:counting:mapper:class:a:map:reduce:tracer:property:change:listener:event:listener:a:map:reduce:tracer:a:map:reduce:tracer:reducer:class:map:reduce:configuration:a:map:reduce:tracer:a:map:reduce:tracer:int:summing:mapper:interface,keyValueClass,key:value:class,keyValueClass,key:value:class,keyValueClass,key:value:class
comp533.intSummingMapperClass,int:summing:mapper:class,@IntSummingMapperClass,int:summing:mapper:class,map,map,AMapReduceTracer:@TokenCountingMapperClass:AMapReduceTracer:PropertyChangeListener:EventListener:AMapReduceTracer:AMapReduceTracer:@ReducerClass:MapReduceConfiguration:AMapReduceTracer:AMapReduceTracer:intSummingMapperInterface,a:map:reduce:tracer:token:counting:mapper:class:a:map:reduce:tracer:property:change:listener:event:listener:a:map:reduce:tracer:a:map:reduce:tracer:reducer:class:map:reduce:configuration:a:map:reduce:tracer:a:map:reduce:tracer:int:summing:mapper:interface,Integer,integer,java.lang.Integer,integer,parseInt,parse:int
comp533.intSummingMapperClass,int:summing:mapper:class,@IntSummingMapperClass,int:summing:mapper:class,map,map,AMapReduceTracer:@TokenCountingMapperClass:AMapReduceTracer:PropertyChangeListener:EventListener:AMapReduceTracer:AMapReduceTracer:@ReducerClass:MapReduceConfiguration:AMapReduceTracer:AMapReduceTracer:intSummingMapperInterface,a:map:reduce:tracer:token:counting:mapper:class:a:map:reduce:tracer:property:change:listener:event:listener:a:map:reduce:tracer:a:map:reduce:tracer:reducer:class:map:reduce:configuration:a:map:reduce:tracer:a:map:reduce:tracer:int:summing:mapper:interface,$comp533.intSummingMapperClass,int:summing:mapper:class,@IntSummingMapperClass,int:summing:mapper:class,traceMap,trace:map
comp533.intSummingMapperClass,int:summing:mapper:class,@IntSummingMapperClass,int:summing:mapper:class,map,map,AMapReduceTracer:@TokenCountingMapperClass:AMapReduceTracer:PropertyChangeListener:EventListener:AMapReduceTracer:AMapReduceTracer:@ReducerClass:MapReduceConfiguration:AMapReduceTracer:AMapReduceTracer:intSummingMapperInterface,a:map:reduce:tracer:token:counting:mapper:class:a:map:reduce:tracer:property:change:listener:event:listener:a:map:reduce:tracer:a:map:reduce:tracer:reducer:class:map:reduce:configuration:a:map:reduce:tracer:a:map:reduce:tracer:int:summing:mapper:interface,$keyValueClass,value:class,keyValueClass,key:value:class,getValue,get:value
comp533.Test,test,Test,test,main,main,AMapReduceTracer:@TokenCountingMapperClass:AMapReduceTracer:PropertyChangeListener:EventListener:AMapReduceTracer:AMapReduceTracer:@ReducerClass:MapReduceConfiguration:AMapReduceTracer:AMapReduceTracer:intSummingMapperInterface,a:map:reduce:tracer:token:counting:mapper:class:a:map:reduce:tracer:property:change:listener:event:listener:a:map:reduce:tracer:a:map:reduce:tracer:reducer:class:map:reduce:configuration:a:map:reduce:tracer:a:map:reduce:tracer:int:summing:mapper:interface,trace.grader.basics.GraderBasicsTraceUtility,grader:basics:trace:utility,trace.grader.basics.GraderBasicsTraceUtility,grader:basics:trace:utility,setTracerShowInfo,set:tracer:show:info
comp533.Test,test,Test,test,main,main,AMapReduceTracer:@TokenCountingMapperClass:AMapReduceTracer:PropertyChangeListener:EventListener:AMapReduceTracer:AMapReduceTracer:@ReducerClass:MapReduceConfiguration:AMapReduceTracer:AMapReduceTracer:intSummingMapperInterface,a:map:reduce:tracer:token:counting:mapper:class:a:map:reduce:tracer:property:change:listener:event:listener:a:map:reduce:tracer:a:map:reduce:tracer:reducer:class:map:reduce:configuration:a:map:reduce:tracer:a:map:reduce:tracer:int:summing:mapper:interface,trace.grader.basics.GraderBasicsTraceUtility,grader:basics:trace:utility,trace.grader.basics.GraderBasicsTraceUtility,grader:basics:trace:utility,setBufferTracedMessages,set:buffer:traced:messages
comp533.Test,test,Test,test,main,main,AMapReduceTracer:@TokenCountingMapperClass:AMapReduceTracer:PropertyChangeListener:EventListener:AMapReduceTracer:AMapReduceTracer:@ReducerClass:MapReduceConfiguration:AMapReduceTracer:AMapReduceTracer:intSummingMapperInterface,a:map:reduce:tracer:token:counting:mapper:class:a:map:reduce:tracer:property:change:listener:event:listener:a:map:reduce:tracer:a:map:reduce:tracer:reducer:class:map:reduce:configuration:a:map:reduce:tracer:a:map:reduce:tracer:int:summing:mapper:interface,trace.grader.basics.GraderBasicsTraceUtility,grader:basics:trace:utility,trace.grader.basics.GraderBasicsTraceUtility,grader:basics:trace:utility,setMaxPrintedTraces,set:printed:traces
comp533.Test,test,Test,test,main,main,AMapReduceTracer:@TokenCountingMapperClass:AMapReduceTracer:PropertyChangeListener:EventListener:AMapReduceTracer:AMapReduceTracer:@ReducerClass:MapReduceConfiguration:AMapReduceTracer:AMapReduceTracer:intSummingMapperInterface,a:map:reduce:tracer:token:counting:mapper:class:a:map:reduce:tracer:property:change:listener:event:listener:a:map:reduce:tracer:a:map:reduce:tracer:reducer:class:map:reduce:configuration:a:map:reduce:tracer:a:map:reduce:tracer:int:summing:mapper:interface,trace.grader.basics.GraderBasicsTraceUtility,grader:basics:trace:utility,trace.grader.basics.GraderBasicsTraceUtility,grader:basics:trace:utility,setMaxTraces,set:traces
comp533.Test,test,Test,test,main,main,AMapReduceTracer:@TokenCountingMapperClass:AMapReduceTracer:PropertyChangeListener:EventListener:AMapReduceTracer:AMapReduceTracer:@ReducerClass:MapReduceConfiguration:AMapReduceTracer:AMapReduceTracer:intSummingMapperInterface,a:map:reduce:tracer:token:counting:mapper:class:a:map:reduce:tracer:property:change:listener:event:listener:a:map:reduce:tracer:a:map:reduce:tracer:reducer:class:map:reduce:configuration:a:map:reduce:tracer:a:map:reduce:tracer:int:summing:mapper:interface,grader.basics.execution.BasicProjectExecution,basic:project:execution,grader.basics.execution.BasicProjectExecution,basic:project:execution,setProcessTimeOut,set:process:time:out
comp533.Test,test,Test,test,main,main,AMapReduceTracer:@TokenCountingMapperClass:AMapReduceTracer:PropertyChangeListener:EventListener:AMapReduceTracer:AMapReduceTracer:@ReducerClass:MapReduceConfiguration:AMapReduceTracer:AMapReduceTracer:intSummingMapperInterface,a:map:reduce:tracer:token:counting:mapper:class:a:map:reduce:tracer:property:change:listener:event:listener:a:map:reduce:tracer:a:map:reduce:tracer:reducer:class:map:reduce:configuration:a:map:reduce:tracer:a:map:reduce:tracer:int:summing:mapper:interface,gradingTools.comp533s21.assignment1.S21Assignment1Suite,assignment:suite,gradingTools.comp533s21.assignment1.S21Assignment1Suite,assignment:suite,main,main
